2026-10-02 10:59:49,422:WARNING:
'cuml' is a soft dependency and not included in the pycaret installation. Please run: `pip install cuml` to install.
2026-10-02 10:59:49,422:WARNING:
'cuml' is a soft dependency and not included in the pycaret installation. Please run: `pip install cuml` to install.
2026-10-02 10:59:49,423:WARNING:
'cuml' is a soft dependency and not included in the pycaret installation. Please run: `pip install cuml` to install.
2026-10-02 10:59:49,423:WARNING:
'cuml' is a soft dependency and not included in the pycaret installation. Please run: `pip install cuml` to install.
2026-10-02 11:01:14,726:INFO:PyCaret ClassificationExperiment
2026-10-02 11:01:14,727:INFO:Logging name: clf-default-name
2026-10-02 11:01:14,727:INFO:ML Usecase: MLUsecase.CLASSIFICATION
2026-10-02 11:01:14,727:INFO:version 3.3.2
2026-10-02 11:01:14,727:INFO:Initializing setup()
2026-10-02 11:01:14,727:INFO:self.USI: 407d
2026-10-02 11:01:14,727:INFO:self._variable_keys: {'fold_shuffle_param', 'fold_generator', 'USI', 'gpu_param', 'n_jobs_param', 'X', 'fold_groups_param', 'idx', 'data', 'y', 'exp_id', 'X_train', '_available_plots', 'html_param', 'seed', '_ml_usecase', 'exp_name_log', 'pipeline', 'gpu_n_jobs_param', 'log_plots_param', 'y_train', 'is_multiclass', 'logging_param', 'memory', 'fix_imbalance', 'y_test', 'target_param', 'X_test'}
2026-10-02 11:01:14,727:INFO:Checking environment
2026-10-02 11:01:14,727:INFO:python_version: 3.11.9
2026-10-02 11:01:14,727:INFO:python_build: ('tags/v3.11.9:de54cf5', 'Apr  2 2024 10:12:12')
2026-10-02 11:01:14,728:INFO:machine: AMD64
2026-10-02 11:01:14,728:INFO:platform: Windows-10-10.0.26200-SP0
2026-10-02 11:01:14,728:INFO:Memory: svmem(total=34049875968, available=13815177216, percent=59.4, used=20234698752, free=13815177216)
2026-10-02 11:01:14,728:INFO:Physical Core: 12
2026-10-02 11:01:14,728:INFO:Logical Core: 16
2026-10-02 11:01:14,728:INFO:Checking libraries
2026-10-02 11:01:14,728:INFO:System:
2026-10-02 11:01:14,728:INFO:    python: 3.11.9 (tags/v3.11.9:de54cf5, Apr  2 2024, 10:12:12) [MSC v.1938 64 bit (AMD64)]
2026-10-02 11:01:14,728:INFO:executable: c:\school\AI\Deep Learning\Cloud_AI\CloudAI-Challenge\.venv\Scripts\python.exe
2026-10-02 11:01:14,728:INFO:   machine: Windows-10-10.0.26200-SP0
2026-10-02 11:01:14,728:INFO:PyCaret required dependencies:
2026-10-02 11:01:14,806:INFO:                 pip: 24.0
2026-10-02 11:01:14,806:INFO:          setuptools: 65.5.0
2026-10-02 11:01:14,806:INFO:             pycaret: 3.3.2
2026-10-02 11:01:14,806:INFO:             IPython: 9.5.0
2026-10-02 11:01:14,806:INFO:          ipywidgets: 8.1.9
2026-10-02 11:01:14,806:INFO:                tqdm: 4.70.1
2026-10-02 11:01:14,806:INFO:               numpy: 1.26.4
2026-10-02 11:01:14,806:INFO:              pandas: 2.1.4
2026-10-02 11:01:14,807:INFO:              jinja2: 3.1.6
2026-10-02 11:01:14,807:INFO:               scipy: 1.11.4
2026-10-02 11:01:14,807:INFO:              joblib: 1.3.2
2026-10-02 11:01:14,807:INFO:             sklearn: 1.4.2
2026-10-02 11:01:14,807:INFO:                pyod: 3.4.0
2026-10-02 11:01:14,807:INFO:            imblearn: 0.14.2
2026-10-02 11:01:14,807:INFO:   category_encoders: 2.7.0
2026-10-02 11:01:14,807:INFO:            lightgbm: 4.7.0
2026-10-02 11:01:14,807:INFO:               numba: 0.68.0
2026-10-02 11:01:14,807:INFO:            requests: 2.32.5
2026-10-02 11:01:14,807:INFO:          matplotlib: 3.7.5
2026-10-02 11:01:14,807:INFO:          scikitplot: 0.3.7
2026-10-02 11:01:14,807:INFO:         yellowbrick: 1.5
2026-10-02 11:01:14,807:INFO:              plotly: 6.9.0
2026-10-02 11:01:14,807:INFO:    plotly-resampler: Not installed
2026-10-02 11:01:14,807:INFO:             kaleido: 1.4.0
2026-10-02 11:01:14,807:INFO:           schemdraw: 0.15
2026-10-02 11:01:14,807:INFO:         statsmodels: 0.15.0
2026-10-02 11:01:14,807:INFO:              sktime: 0.26.0
2026-10-02 11:01:14,807:INFO:               tbats: 1.1.3
2026-10-02 11:01:14,807:INFO:            pmdarima: 2.0.4
2026-10-02 11:01:14,807:INFO:              psutil: 7.1.0
2026-10-02 11:01:14,807:INFO:          markupsafe: 3.0.3
2026-10-02 11:01:14,807:INFO:             pickle5: Not installed
2026-10-02 11:01:14,807:INFO:         cloudpickle: 3.1.2
2026-10-02 11:01:14,807:INFO:         deprecation: 2.1.0
2026-10-02 11:01:14,807:INFO:              xxhash: 4.0.1
2026-10-02 11:01:14,807:INFO:           wurlitzer: Not installed
2026-10-02 11:01:14,807:INFO:PyCaret optional dependencies:
2026-10-02 11:01:14,825:INFO:                shap: Not installed
2026-10-02 11:01:14,825:INFO:           interpret: Not installed
2026-10-02 11:01:14,825:INFO:                umap: Not installed
2026-10-02 11:01:14,825:INFO:     ydata_profiling: Not installed
2026-10-02 11:01:14,825:INFO:  explainerdashboard: Not installed
2026-10-02 11:01:14,825:INFO:             autoviz: Not installed
2026-10-02 11:01:14,825:INFO:           fairlearn: Not installed
2026-10-02 11:01:14,825:INFO:          deepchecks: Not installed
2026-10-02 11:01:14,825:INFO:             xgboost: Not installed
2026-10-02 11:01:14,825:INFO:            catboost: Not installed
2026-10-02 11:01:14,825:INFO:              kmodes: Not installed
2026-10-02 11:01:14,825:INFO:             mlxtend: Not installed
2026-10-02 11:01:14,825:INFO:       statsforecast: Not installed
2026-10-02 11:01:14,826:INFO:        tune_sklearn: Not installed
2026-10-02 11:01:14,826:INFO:                 ray: Not installed
2026-10-02 11:01:14,826:INFO:            hyperopt: Not installed
2026-10-02 11:01:14,826:INFO:              optuna: Not installed
2026-10-02 11:01:14,826:INFO:               skopt: Not installed
2026-10-02 11:01:14,826:INFO:              mlflow: Not installed
2026-10-02 11:01:14,826:INFO:              gradio: Not installed
2026-10-02 11:01:14,826:INFO:             fastapi: Not installed
2026-10-02 11:01:14,826:INFO:             uvicorn: Not installed
2026-10-02 11:01:14,826:INFO:              m2cgen: Not installed
2026-10-02 11:01:14,826:INFO:           evidently: Not installed
2026-10-02 11:01:14,826:INFO:               fugue: Not installed
2026-10-02 11:01:14,826:INFO:           streamlit: 1.50.0
2026-10-02 11:01:14,826:INFO:             prophet: Not installed
2026-10-02 11:01:14,826:INFO:None
2026-10-02 11:01:14,826:INFO:Set up data.
2026-10-02 11:01:14,833:INFO:Set up folding strategy.
2026-10-02 11:01:14,833:INFO:Set up train/test split.
2026-10-02 11:01:14,845:INFO:Set up index.
2026-10-02 11:01:14,845:INFO:Assigning column types.
2026-10-02 11:01:14,848:INFO:Engine successfully changes for model 'lr' to 'sklearn'.
2026-10-02 11:01:14,881:INFO:Engine for model 'knn' has not been set explicitly, hence returning None.
2026-10-02 11:01:14,888:INFO:Engine for model 'rbfsvm' has not been set explicitly, hence returning None.
2026-10-02 11:01:14,929:WARNING:
'xgboost' is a soft dependency and not included in the pycaret installation. Please run: `pip install xgboost` to install.
Alternately, you can install this by running `pip install pycaret[models]`
2026-10-02 11:01:14,929:WARNING:
'catboost' is a soft dependency and not included in the pycaret installation. Please run: `pip install catboost` to install.
Alternately, you can install this by running `pip install pycaret[models]`
2026-10-02 11:01:14,973:INFO:Engine for model 'knn' has not been set explicitly, hence returning None.
2026-10-02 11:01:14,973:INFO:Engine for model 'rbfsvm' has not been set explicitly, hence returning None.
2026-10-02 11:01:14,995:WARNING:
'xgboost' is a soft dependency and not included in the pycaret installation. Please run: `pip install xgboost` to install.
Alternately, you can install this by running `pip install pycaret[models]`
2026-10-02 11:01:14,995:WARNING:
'catboost' is a soft dependency and not included in the pycaret installation. Please run: `pip install catboost` to install.
Alternately, you can install this by running `pip install pycaret[models]`
2026-10-02 11:01:14,995:INFO:Engine successfully changes for model 'knn' to 'sklearn'.
2026-10-02 11:01:15,028:INFO:Engine for model 'rbfsvm' has not been set explicitly, hence returning None.
2026-10-02 11:01:15,048:WARNING:
'xgboost' is a soft dependency and not included in the pycaret installation. Please run: `pip install xgboost` to install.
Alternately, you can install this by running `pip install pycaret[models]`
2026-10-02 11:01:15,048:WARNING:
'catboost' is a soft dependency and not included in the pycaret installation. Please run: `pip install catboost` to install.
Alternately, you can install this by running `pip install pycaret[models]`
2026-10-02 11:01:15,080:INFO:Engine for model 'rbfsvm' has not been set explicitly, hence returning None.
2026-10-02 11:01:15,099:WARNING:
'xgboost' is a soft dependency and not included in the pycaret installation. Please run: `pip install xgboost` to install.
Alternately, you can install this by running `pip install pycaret[models]`
2026-10-02 11:01:15,100:WARNING:
'catboost' is a soft dependency and not included in the pycaret installation. Please run: `pip install catboost` to install.
Alternately, you can install this by running `pip install pycaret[models]`
2026-10-02 11:01:15,100:INFO:Engine successfully changes for model 'rbfsvm' to 'sklearn'.
2026-10-02 11:01:15,161:WARNING:
'xgboost' is a soft dependency and not included in the pycaret installation. Please run: `pip install xgboost` to install.
Alternately, you can install this by running `pip install pycaret[models]`
2026-10-02 11:01:15,161:WARNING:
'catboost' is a soft dependency and not included in the pycaret installation. Please run: `pip install catboost` to install.
Alternately, you can install this by running `pip install pycaret[models]`
2026-10-02 11:01:15,214:WARNING:
'xgboost' is a soft dependency and not included in the pycaret installation. Please run: `pip install xgboost` to install.
Alternately, you can install this by running `pip install pycaret[models]`
2026-10-02 11:01:15,214:WARNING:
'catboost' is a soft dependency and not included in the pycaret installation. Please run: `pip install catboost` to install.
Alternately, you can install this by running `pip install pycaret[models]`
2026-10-02 11:01:15,216:INFO:Preparing preprocessing pipeline...
2026-10-02 11:01:15,217:INFO:Set up label encoding.
2026-10-02 11:01:15,217:INFO:Set up simple imputation.
2026-10-02 11:01:15,219:INFO:Set up encoding of categorical features.
2026-10-02 11:01:15,219:INFO:Set up imbalanced handling.
2026-10-02 11:01:15,219:INFO:Set up column name cleaning.
2026-10-02 11:01:15,402:WARNING:c:\school\AI\Deep Learning\Cloud_AI\CloudAI-Challenge\.venv\Lib\site-packages\joblib\externals\loky\backend\context.py:136: UserWarning: Could not find the number of physical cores for the following reason:
[WinError 2] Het systeem kan het opgegeven bestand niet vinden
Returning the number of logical cores instead. You can silence this warning by setting LOKY_MAX_CPU_COUNT to the number of cores you want to use.
  warnings.warn(

2026-10-02 11:01:15,641:INFO:Finished creating preprocessing pipeline.
2026-10-02 11:01:15,647:INFO:Pipeline: Pipeline(memory=FastMemory(location=C:\Users\cisse\AppData\Local\Temp\joblib),
         steps=[('label_encoding',
                 TransformerWrapperWithInverse(exclude=None, include=None,
                                               transformer=LabelEncoder())),
                ('numerical_imputer',
                 TransformerWrapper(exclude=None,
                                    include=['cap-diameter', 'stem-height',
                                             'stem-width'],
                                    transformer=SimpleImputer(add_indicator=False,
                                                              copy=True,
                                                              f...
                                                              return_df=True,
                                                              use_cat_names=True,
                                                              verbose=0))),
                ('balance',
                 TransformerWrapper(exclude=None, include=None,
                                    transformer=FixImbalancer(estimator=SMOTE(k_neighbors=5,
                                                                              random_state=42,
                                                                              sampling_strategy='auto')))),
                ('clean_column_names',
                 TransformerWrapper(exclude=None, include=None,
                                    transformer=CleanColumnNames(match='[\\]\\[\\,\\{\\}\\"\\:]+')))],
         verbose=False)
2026-10-02 11:01:15,648:INFO:Creating final display dataframe.
2026-10-02 11:01:16,050:INFO:Setup _display_container:                     Description             Value
0                    Session id                42
1                        Target             class
2                   Target type            Binary
3                Target mapping        e: 0, p: 1
4           Original data shape        (5000, 10)
5        Transformed data shape        (5850, 51)
6   Transformed train set shape        (4350, 51)
7    Transformed test set shape        (1500, 51)
8              Numeric features                 3
9          Categorical features                 6
10     Rows with missing values             94.0%
11                   Preprocess              True
12              Imputation type            simple
13           Numeric imputation              mean
14       Categorical imputation              mode
15     Maximum one-hot encoding                25
16              Encoding method              None
17                Fix imbalance              True
18         Fix imbalance method             SMOTE
19               Fold Generator   StratifiedKFold
20                  Fold Number                10
21                     CPU Jobs                -1
22                      Use GPU             False
23               Log Experiment             False
24              Experiment Name  clf-default-name
25                          USI              407d
2026-10-02 11:01:16,117:WARNING:
'xgboost' is a soft dependency and not included in the pycaret installation. Please run: `pip install xgboost` to install.
Alternately, you can install this by running `pip install pycaret[models]`
2026-10-02 11:01:16,117:WARNING:
'catboost' is a soft dependency and not included in the pycaret installation. Please run: `pip install catboost` to install.
Alternately, you can install this by running `pip install pycaret[models]`
2026-10-02 11:01:16,176:WARNING:
'xgboost' is a soft dependency and not included in the pycaret installation. Please run: `pip install xgboost` to install.
Alternately, you can install this by running `pip install pycaret[models]`
2026-10-02 11:01:16,176:WARNING:
'catboost' is a soft dependency and not included in the pycaret installation. Please run: `pip install catboost` to install.
Alternately, you can install this by running `pip install pycaret[models]`
2026-10-02 11:01:16,177:INFO:setup() successfully completed in 1.46s...............
2026-10-02 11:01:16,178:INFO:Initializing compare_models()
2026-10-02 11:01:16,178:INFO:compare_models(self=<pycaret.classification.oop.ClassificationExperiment object at 0x000001C15CDBFCD0>, include=None, exclude=None, fold=None, round=4, cross_validation=True, sort=Accuracy, n_select=1, budget_time=None, turbo=True, errors=ignore, fit_kwargs=None, groups=None, experiment_custom_tags=None, probability_threshold=None, verbose=True, parallel=None, caller_params={'self': <pycaret.classification.oop.ClassificationExperiment object at 0x000001C15CDBFCD0>, 'include': None, 'exclude': None, 'fold': None, 'round': 4, 'cross_validation': True, 'sort': 'Accuracy', 'n_select': 1, 'budget_time': None, 'turbo': True, 'errors': 'ignore', 'fit_kwargs': None, 'groups': None, 'experiment_custom_tags': None, 'probability_threshold': None, 'engine': None, 'verbose': True, 'parallel': None, '__class__': <class 'pycaret.classification.oop.ClassificationExperiment'>})
2026-10-02 11:01:16,178:INFO:Checking exceptions
2026-10-02 11:01:16,180:INFO:Preparing display monitor
2026-10-02 11:01:16,199:INFO:Initializing Logistic Regression
2026-10-02 11:01:16,199:INFO:Total runtime is 0.0 minutes
2026-10-02 11:01:16,206:INFO:SubProcess create_model() called ==================================
2026-10-02 11:01:16,207:INFO:Initializing create_model()
2026-10-02 11:01:16,207:INFO:create_model(self=<pycaret.classification.oop.ClassificationExperiment object at 0x000001C15CDBFCD0>, estimator=lr, fold=StratifiedKFold(n_splits=10, random_state=None, shuffle=False), round=4, cross_validation=True, predict=True, fit_kwargs={}, groups=None, refit=False, probability_threshold=None, experiment_custom_tags=None, verbose=False, system=False, add_to_model_list=True, metrics=None, display=<pycaret.internal.display.display.CommonDisplay object at 0x000001C15CEA2FD0>, model_only=True, return_train_score=False, error_score=0.0, kwargs={})
2026-10-02 11:01:16,207:INFO:Checking exceptions
2026-10-02 11:01:16,207:INFO:Importing libraries
2026-10-02 11:01:16,207:INFO:Copying training dataset
2026-10-02 11:01:16,213:INFO:Defining folds
2026-10-02 11:01:16,213:INFO:Declaring metric variables
2026-10-02 11:01:16,217:INFO:Importing untrained model
2026-10-02 11:01:16,221:INFO:Logistic Regression Imported successfully
2026-10-02 11:01:16,227:INFO:Starting cross validation
2026-10-02 11:01:16,231:INFO:Cross validating with StratifiedKFold(n_splits=10, random_state=None, shuffle=False), n_jobs=-1
2026-10-02 11:01:22,109:WARNING:c:\school\AI\Deep Learning\Cloud_AI\CloudAI-Challenge\.venv\Lib\site-packages\sklearn\metrics\_classification.py:1561: UserWarning: Note that pos_label (set to 'p') is ignored when average != 'binary' (got 'weighted'). You may use labels=[pos_label] to specify a single positive class.
  warnings.warn(

2026-10-02 11:01:22,116:WARNING:c:\school\AI\Deep Learning\Cloud_AI\CloudAI-Challenge\.venv\Lib\site-packages\sklearn\metrics\_classification.py:1561: UserWarning: Note that pos_label (set to 'p') is ignored when average != 'binary' (got 'weighted'). You may use labels=[pos_label] to specify a single positive class.
  warnings.warn(

2026-10-02 11:01:22,123:WARNING:c:\school\AI\Deep Learning\Cloud_AI\CloudAI-Challenge\.venv\Lib\site-packages\sklearn\metrics\_classification.py:1561: UserWarning: Note that pos_label (set to 'p') is ignored when average != 'binary' (got 'weighted'). You may use labels=[pos_label] to specify a single positive class.
  warnings.warn(

2026-10-02 11:01:22,270:WARNING:c:\school\AI\Deep Learning\Cloud_AI\CloudAI-Challenge\.venv\Lib\site-packages\sklearn\metrics\_classification.py:1561: UserWarning: Note that pos_label (set to 'p') is ignored when average != 'binary' (got 'weighted'). You may use labels=[pos_label] to specify a single positive class.
  warnings.warn(

2026-10-02 11:01:22,276:WARNING:c:\school\AI\Deep Learning\Cloud_AI\CloudAI-Challenge\.venv\Lib\site-packages\sklearn\metrics\_classification.py:1561: UserWarning: Note that pos_label (set to 'p') is ignored when average != 'binary' (got 'weighted'). You may use labels=[pos_label] to specify a single positive class.
  warnings.warn(

2026-10-02 11:01:22,283:WARNING:c:\school\AI\Deep Learning\Cloud_AI\CloudAI-Challenge\.venv\Lib\site-packages\sklearn\metrics\_classification.py:1561: UserWarning: Note that pos_label (set to 'p') is ignored when average != 'binary' (got 'weighted'). You may use labels=[pos_label] to specify a single positive class.
  warnings.warn(

2026-10-02 11:01:22,287:WARNING:c:\school\AI\Deep Learning\Cloud_AI\CloudAI-Challenge\.venv\Lib\site-packages\sklearn\metrics\_classification.py:1561: UserWarning: Note that pos_label (set to 'p') is ignored when average != 'binary' (got 'weighted'). You may use labels=[pos_label] to specify a single positive class.
  warnings.warn(

2026-10-02 11:01:22,293:WARNING:c:\school\AI\Deep Learning\Cloud_AI\CloudAI-Challenge\.venv\Lib\site-packages\sklearn\metrics\_classification.py:1561: UserWarning: Note that pos_label (set to 'p') is ignored when average != 'binary' (got 'weighted'). You may use labels=[pos_label] to specify a single positive class.
  warnings.warn(

2026-10-02 11:01:22,300:WARNING:c:\school\AI\Deep Learning\Cloud_AI\CloudAI-Challenge\.venv\Lib\site-packages\sklearn\metrics\_classification.py:1561: UserWarning: Note that pos_label (set to 'p') is ignored when average != 'binary' (got 'weighted'). You may use labels=[pos_label] to specify a single positive class.
  warnings.warn(

2026-10-02 11:01:22,320:WARNING:c:\school\AI\Deep Learning\Cloud_AI\CloudAI-Challenge\.venv\Lib\site-packages\sklearn\metrics\_classification.py:1561: UserWarning: Note that pos_label (set to 'p') is ignored when average != 'binary' (got 'weighted'). You may use labels=[pos_label] to specify a single positive class.
  warnings.warn(

2026-10-02 11:01:22,327:WARNING:c:\school\AI\Deep Learning\Cloud_AI\CloudAI-Challenge\.venv\Lib\site-packages\sklearn\metrics\_classification.py:1561: UserWarning: Note that pos_label (set to 'p') is ignored when average != 'binary' (got 'weighted'). You may use labels=[pos_label] to specify a single positive class.
  warnings.warn(

2026-10-02 11:01:22,329:WARNING:c:\school\AI\Deep Learning\Cloud_AI\CloudAI-Challenge\.venv\Lib\site-packages\sklearn\metrics\_classification.py:1561: UserWarning: Note that pos_label (set to 'p') is ignored when average != 'binary' (got 'weighted'). You may use labels=[pos_label] to specify a single positive class.
  warnings.warn(

2026-10-02 11:01:22,333:WARNING:c:\school\AI\Deep Learning\Cloud_AI\CloudAI-Challenge\.venv\Lib\site-packages\sklearn\metrics\_classification.py:1561: UserWarning: Note that pos_label (set to 'p') is ignored when average != 'binary' (got 'weighted'). You may use labels=[pos_label] to specify a single positive class.
  warnings.warn(

2026-10-02 11:01:22,333:WARNING:c:\school\AI\Deep Learning\Cloud_AI\CloudAI-Challenge\.venv\Lib\site-packages\sklearn\metrics\_classification.py:1561: UserWarning: Note that pos_label (set to 'p') is ignored when average != 'binary' (got 'weighted'). You may use labels=[pos_label] to specify a single positive class.
  warnings.warn(

2026-10-02 11:01:22,336:WARNING:c:\school\AI\Deep Learning\Cloud_AI\CloudAI-Challenge\.venv\Lib\site-packages\sklearn\metrics\_classification.py:1561: UserWarning: Note that pos_label (set to 'p') is ignored when average != 'binary' (got 'weighted'). You may use labels=[pos_label] to specify a single positive class.
  warnings.warn(

2026-10-02 11:01:22,340:WARNING:c:\school\AI\Deep Learning\Cloud_AI\CloudAI-Challenge\.venv\Lib\site-packages\sklearn\metrics\_classification.py:1561: UserWarning: Note that pos_label (set to 'p') is ignored when average != 'binary' (got 'weighted'). You may use labels=[pos_label] to specify a single positive class.
  warnings.warn(

2026-10-02 11:01:22,342:WARNING:c:\school\AI\Deep Learning\Cloud_AI\CloudAI-Challenge\.venv\Lib\site-packages\sklearn\metrics\_classification.py:1561: UserWarning: Note that pos_label (set to 'p') is ignored when average != 'binary' (got 'weighted'). You may use labels=[pos_label] to specify a single positive class.
  warnings.warn(

2026-10-02 11:01:22,348:WARNING:c:\school\AI\Deep Learning\Cloud_AI\CloudAI-Challenge\.venv\Lib\site-packages\sklearn\metrics\_classification.py:1561: UserWarning: Note that pos_label (set to 'p') is ignored when average != 'binary' (got 'weighted'). You may use labels=[pos_label] to specify a single positive class.
  warnings.warn(

2026-10-02 11:01:22,368:WARNING:c:\school\AI\Deep Learning\Cloud_AI\CloudAI-Challenge\.venv\Lib\site-packages\sklearn\metrics\_classification.py:1561: UserWarning: Note that pos_label (set to 'p') is ignored when average != 'binary' (got 'weighted'). You may use labels=[pos_label] to specify a single positive class.
  warnings.warn(

2026-10-02 11:01:22,370:WARNING:c:\school\AI\Deep Learning\Cloud_AI\CloudAI-Challenge\.venv\Lib\site-packages\sklearn\metrics\_classification.py:1561: UserWarning: Note that pos_label (set to 'p') is ignored when average != 'binary' (got 'weighted'). You may use labels=[pos_label] to specify a single positive class.
  warnings.warn(

2026-10-02 11:01:22,370:WARNING:c:\school\AI\Deep Learning\Cloud_AI\CloudAI-Challenge\.venv\Lib\site-packages\sklearn\metrics\_classification.py:1561: UserWarning: Note that pos_label (set to 'p') is ignored when average != 'binary' (got 'weighted'). You may use labels=[pos_label] to specify a single positive class.
  warnings.warn(

2026-10-02 11:01:22,375:WARNING:c:\school\AI\Deep Learning\Cloud_AI\CloudAI-Challenge\.venv\Lib\site-packages\sklearn\metrics\_classification.py:1561: UserWarning: Note that pos_label (set to 'p') is ignored when average != 'binary' (got 'weighted'). You may use labels=[pos_label] to specify a single positive class.
  warnings.warn(

2026-10-02 11:01:22,375:WARNING:c:\school\AI\Deep Learning\Cloud_AI\CloudAI-Challenge\.venv\Lib\site-packages\sklearn\metrics\_classification.py:1561: UserWarning: Note that pos_label (set to 'p') is ignored when average != 'binary' (got 'weighted'). You may use labels=[pos_label] to specify a single positive class.
  warnings.warn(

2026-10-02 11:01:22,376:WARNING:c:\school\AI\Deep Learning\Cloud_AI\CloudAI-Challenge\.venv\Lib\site-packages\sklearn\metrics\_classification.py:1561: UserWarning: Note that pos_label (set to 'p') is ignored when average != 'binary' (got 'weighted'). You may use labels=[pos_label] to specify a single positive class.
  warnings.warn(

2026-10-02 11:01:22,381:WARNING:c:\school\AI\Deep Learning\Cloud_AI\CloudAI-Challenge\.venv\Lib\site-packages\sklearn\metrics\_classification.py:1561: UserWarning: Note that pos_label (set to 'p') is ignored when average != 'binary' (got 'weighted'). You may use labels=[pos_label] to specify a single positive class.
  warnings.warn(

2026-10-02 11:01:22,381:WARNING:c:\school\AI\Deep Learning\Cloud_AI\CloudAI-Challenge\.venv\Lib\site-packages\sklearn\metrics\_classification.py:1561: UserWarning: Note that pos_label (set to 'p') is ignored when average != 'binary' (got 'weighted'). You may use labels=[pos_label] to specify a single positive class.
  warnings.warn(

2026-10-02 11:01:22,382:WARNING:c:\school\AI\Deep Learning\Cloud_AI\CloudAI-Challenge\.venv\Lib\site-packages\sklearn\metrics\_classification.py:1561: UserWarning: Note that pos_label (set to 'p') is ignored when average != 'binary' (got 'weighted'). You may use labels=[pos_label] to specify a single positive class.
  warnings.warn(

2026-10-02 11:01:22,408:WARNING:c:\school\AI\Deep Learning\Cloud_AI\CloudAI-Challenge\.venv\Lib\site-packages\sklearn\metrics\_classification.py:1561: UserWarning: Note that pos_label (set to 'p') is ignored when average != 'binary' (got 'weighted'). You may use labels=[pos_label] to specify a single positive class.
  warnings.warn(

2026-10-02 11:01:22,414:WARNING:c:\school\AI\Deep Learning\Cloud_AI\CloudAI-Challenge\.venv\Lib\site-packages\sklearn\metrics\_classification.py:1561: UserWarning: Note that pos_label (set to 'p') is ignored when average != 'binary' (got 'weighted'). You may use labels=[pos_label] to specify a single positive class.
  warnings.warn(

2026-10-02 11:01:22,421:WARNING:c:\school\AI\Deep Learning\Cloud_AI\CloudAI-Challenge\.venv\Lib\site-packages\sklearn\metrics\_classification.py:1561: UserWarning: Note that pos_label (set to 'p') is ignored when average != 'binary' (got 'weighted'). You may use labels=[pos_label] to specify a single positive class.
  warnings.warn(

2026-10-02 11:01:22,440:INFO:Calculating mean and std
2026-10-02 11:01:22,442:INFO:Creating metrics dataframe
2026-10-02 11:01:22,443:INFO:Uploading results into container
2026-10-02 11:01:22,444:INFO:Uploading model into container now
2026-10-02 11:01:22,445:INFO:_master_model_container: 1
2026-10-02 11:01:22,445:INFO:_display_container: 2
2026-10-02 11:01:22,445:INFO:LogisticRegression(C=1.0, class_weight=None, dual=False, fit_intercept=True,
                   intercept_scaling=1, l1_ratio=None, max_iter=1000,
                   multi_class='auto', n_jobs=None, penalty='l2',
                   random_state=42, solver='lbfgs', tol=0.0001, verbose=0,
                   warm_start=False)
2026-10-02 11:01:22,446:INFO:create_model() successfully completed......................................
2026-10-02 11:01:22,555:INFO:SubProcess create_model() end ==================================
2026-10-02 11:01:22,556:INFO:Creating metrics dataframe
2026-10-02 11:01:22,564:INFO:Initializing K Neighbors Classifier
2026-10-02 11:01:22,564:INFO:Total runtime is 0.106094491481781 minutes
2026-10-02 11:01:22,569:INFO:SubProcess create_model() called ==================================
2026-10-02 11:01:22,569:INFO:Initializing create_model()
2026-10-02 11:01:22,569:INFO:create_model(self=<pycaret.classification.oop.ClassificationExperiment object at 0x000001C15CDBFCD0>, estimator=knn, fold=StratifiedKFold(n_splits=10, random_state=None, shuffle=False), round=4, cross_validation=True, predict=True, fit_kwargs={}, groups=None, refit=False, probability_threshold=None, experiment_custom_tags=None, verbose=False, system=False, add_to_model_list=True, metrics=None, display=<pycaret.internal.display.display.CommonDisplay object at 0x000001C15CEA2FD0>, model_only=True, return_train_score=False, error_score=0.0, kwargs={})
2026-10-02 11:01:22,569:INFO:Checking exceptions
2026-10-02 11:01:22,569:INFO:Importing libraries
2026-10-02 11:01:22,569:INFO:Copying training dataset
2026-10-02 11:01:22,575:INFO:Defining folds
2026-10-02 11:01:22,576:INFO:Declaring metric variables
2026-10-02 11:01:22,581:INFO:Importing untrained model
2026-10-02 11:01:22,587:INFO:K Neighbors Classifier Imported successfully
2026-10-02 11:01:22,595:INFO:Starting cross validation
2026-10-02 11:01:22,598:INFO:Cross validating with StratifiedKFold(n_splits=10, random_state=None, shuffle=False), n_jobs=-1
2026-10-02 11:01:22,945:WARNING:c:\school\AI\Deep Learning\Cloud_AI\CloudAI-Challenge\.venv\Lib\site-packages\sklearn\metrics\_classification.py:1561: UserWarning: Note that pos_label (set to 'p') is ignored when average != 'binary' (got 'weighted'). You may use labels=[pos_label] to specify a single positive class.
  warnings.warn(

2026-10-02 11:01:22,950:WARNING:c:\school\AI\Deep Learning\Cloud_AI\CloudAI-Challenge\.venv\Lib\site-packages\sklearn\metrics\_classification.py:1561: UserWarning: Note that pos_label (set to 'p') is ignored when average != 'binary' (got 'weighted'). You may use labels=[pos_label] to specify a single positive class.
  warnings.warn(

2026-10-02 11:01:22,951:WARNING:c:\school\AI\Deep Learning\Cloud_AI\CloudAI-Challenge\.venv\Lib\site-packages\sklearn\metrics\_classification.py:1561: UserWarning: Note that pos_label (set to 'p') is ignored when average != 'binary' (got 'weighted'). You may use labels=[pos_label] to specify a single positive class.
  warnings.warn(

2026-10-02 11:01:22,953:WARNING:c:\school\AI\Deep Learning\Cloud_AI\CloudAI-Challenge\.venv\Lib\site-packages\sklearn\metrics\_classification.py:1561: UserWarning: Note that pos_label (set to 'p') is ignored when average != 'binary' (got 'weighted'). You may use labels=[pos_label] to specify a single positive class.
  warnings.warn(

2026-10-02 11:01:22,954:WARNING:c:\school\AI\Deep Learning\Cloud_AI\CloudAI-Challenge\.venv\Lib\site-packages\sklearn\metrics\_classification.py:1561: UserWarning: Note that pos_label (set to 'p') is ignored when average != 'binary' (got 'weighted'). You may use labels=[pos_label] to specify a single positive class.
  warnings.warn(

2026-10-02 11:01:22,955:WARNING:c:\school\AI\Deep Learning\Cloud_AI\CloudAI-Challenge\.venv\Lib\site-packages\sklearn\metrics\_classification.py:1561: UserWarning: Note that pos_label (set to 'p') is ignored when average != 'binary' (got 'weighted'). You may use labels=[pos_label] to specify a single positive class.
  warnings.warn(

2026-10-02 11:01:22,956:WARNING:c:\school\AI\Deep Learning\Cloud_AI\CloudAI-Challenge\.venv\Lib\site-packages\sklearn\metrics\_classification.py:1561: UserWarning: Note that pos_label (set to 'p') is ignored when average != 'binary' (got 'weighted'). You may use labels=[pos_label] to specify a single positive class.
  warnings.warn(

2026-10-02 11:01:22,959:WARNING:c:\school\AI\Deep Learning\Cloud_AI\CloudAI-Challenge\.venv\Lib\site-packages\sklearn\metrics\_classification.py:1561: UserWarning: Note that pos_label (set to 'p') is ignored when average != 'binary' (got 'weighted'). You may use labels=[pos_label] to specify a single positive class.
  warnings.warn(

2026-10-02 11:01:22,960:WARNING:c:\school\AI\Deep Learning\Cloud_AI\CloudAI-Challenge\.venv\Lib\site-packages\sklearn\metrics\_classification.py:1561: UserWarning: Note that pos_label (set to 'p') is ignored when average != 'binary' (got 'weighted'). You may use labels=[pos_label] to specify a single positive class.
  warnings.warn(

2026-10-02 11:01:22,961:WARNING:c:\school\AI\Deep Learning\Cloud_AI\CloudAI-Challenge\.venv\Lib\site-packages\sklearn\metrics\_classification.py:1561: UserWarning: Note that pos_label (set to 'p') is ignored when average != 'binary' (got 'weighted'). You may use labels=[pos_label] to specify a single positive class.
  warnings.warn(

2026-10-02 11:01:22,963:WARNING:c:\school\AI\Deep Learning\Cloud_AI\CloudAI-Challenge\.venv\Lib\site-packages\sklearn\metrics\_classification.py:1561: UserWarning: Note that pos_label (set to 'p') is ignored when average != 'binary' (got 'weighted'). You may use labels=[pos_label] to specify a single positive class.
  warnings.warn(

2026-10-02 11:01:22,964:WARNING:c:\school\AI\Deep Learning\Cloud_AI\CloudAI-Challenge\.venv\Lib\site-packages\sklearn\metrics\_classification.py:1561: UserWarning: Note that pos_label (set to 'p') is ignored when average != 'binary' (got 'weighted'). You may use labels=[pos_label] to specify a single positive class.
  warnings.warn(

2026-10-02 11:01:26,288:WARNING:c:\school\AI\Deep Learning\Cloud_AI\CloudAI-Challenge\.venv\Lib\site-packages\sklearn\metrics\_classification.py:1561: UserWarning: Note that pos_label (set to 'p') is ignored when average != 'binary' (got 'weighted'). You may use labels=[pos_label] to specify a single positive class.
  warnings.warn(

2026-10-02 11:01:26,291:WARNING:c:\school\AI\Deep Learning\Cloud_AI\CloudAI-Challenge\.venv\Lib\site-packages\sklearn\metrics\_classification.py:1561: UserWarning: Note that pos_label (set to 'p') is ignored when average != 'binary' (got 'weighted'). You may use labels=[pos_label] to specify a single positive class.
  warnings.warn(

2026-10-02 11:01:26,296:WARNING:c:\school\AI\Deep Learning\Cloud_AI\CloudAI-Challenge\.venv\Lib\site-packages\sklearn\metrics\_classification.py:1561: UserWarning: Note that pos_label (set to 'p') is ignored when average != 'binary' (got 'weighted'). You may use labels=[pos_label] to specify a single positive class.
  warnings.warn(

2026-10-02 11:01:26,323:WARNING:c:\school\AI\Deep Learning\Cloud_AI\CloudAI-Challenge\.venv\Lib\site-packages\sklearn\metrics\_classification.py:1561: UserWarning: Note that pos_label (set to 'p') is ignored when average != 'binary' (got 'weighted'). You may use labels=[pos_label] to specify a single positive class.
  warnings.warn(

2026-10-02 11:01:26,329:WARNING:c:\school\AI\Deep Learning\Cloud_AI\CloudAI-Challenge\.venv\Lib\site-packages\sklearn\metrics\_classification.py:1561: UserWarning: Note that pos_label (set to 'p') is ignored when average != 'binary' (got 'weighted'). You may use labels=[pos_label] to specify a single positive class.
  warnings.warn(

2026-10-02 11:01:26,331:WARNING:c:\school\AI\Deep Learning\Cloud_AI\CloudAI-Challenge\.venv\Lib\site-packages\sklearn\metrics\_classification.py:1561: UserWarning: Note that pos_label (set to 'p') is ignored when average != 'binary' (got 'weighted'). You may use labels=[pos_label] to specify a single positive class.
  warnings.warn(

2026-10-02 11:01:26,334:WARNING:c:\school\AI\Deep Learning\Cloud_AI\CloudAI-Challenge\.venv\Lib\site-packages\sklearn\metrics\_classification.py:1561: UserWarning: Note that pos_label (set to 'p') is ignored when average != 'binary' (got 'weighted'). You may use labels=[pos_label] to specify a single positive class.
  warnings.warn(

2026-10-02 11:01:26,336:WARNING:c:\school\AI\Deep Learning\Cloud_AI\CloudAI-Challenge\.venv\Lib\site-packages\sklearn\metrics\_classification.py:1561: UserWarning: Note that pos_label (set to 'p') is ignored when average != 'binary' (got 'weighted'). You may use labels=[pos_label] to specify a single positive class.
  warnings.warn(

2026-10-02 11:01:26,338:WARNING:c:\school\AI\Deep Learning\Cloud_AI\CloudAI-Challenge\.venv\Lib\site-packages\sklearn\metrics\_classification.py:1561: UserWarning: Note that pos_label (set to 'p') is ignored when average != 'binary' (got 'weighted'). You may use labels=[pos_label] to specify a single positive class.
  warnings.warn(

2026-10-02 11:01:26,338:WARNING:c:\school\AI\Deep Learning\Cloud_AI\CloudAI-Challenge\.venv\Lib\site-packages\sklearn\metrics\_classification.py:1561: UserWarning: Note that pos_label (set to 'p') is ignored when average != 'binary' (got 'weighted'). You may use labels=[pos_label] to specify a single positive class.
  warnings.warn(

2026-10-02 11:01:26,339:WARNING:c:\school\AI\Deep Learning\Cloud_AI\CloudAI-Challenge\.venv\Lib\site-packages\sklearn\metrics\_classification.py:1561: UserWarning: Note that pos_label (set to 'p') is ignored when average != 'binary' (got 'weighted'). You may use labels=[pos_label] to specify a single positive class.
  warnings.warn(

2026-10-02 11:01:26,341:WARNING:c:\school\AI\Deep Learning\Cloud_AI\CloudAI-Challenge\.venv\Lib\site-packages\sklearn\metrics\_classification.py:1561: UserWarning: Note that pos_label (set to 'p') is ignored when average != 'binary' (got 'weighted'). You may use labels=[pos_label] to specify a single positive class.
  warnings.warn(

2026-10-02 11:01:26,345:WARNING:c:\school\AI\Deep Learning\Cloud_AI\CloudAI-Challenge\.venv\Lib\site-packages\sklearn\metrics\_classification.py:1561: UserWarning: Note that pos_label (set to 'p') is ignored when average != 'binary' (got 'weighted'). You may use labels=[pos_label] to specify a single positive class.
  warnings.warn(

2026-10-02 11:01:26,347:WARNING:c:\school\AI\Deep Learning\Cloud_AI\CloudAI-Challenge\.venv\Lib\site-packages\sklearn\metrics\_classification.py:1561: UserWarning: Note that pos_label (set to 'p') is ignored when average != 'binary' (got 'weighted'). You may use labels=[pos_label] to specify a single positive class.
  warnings.warn(

2026-10-02 11:01:26,348:WARNING:c:\school\AI\Deep Learning\Cloud_AI\CloudAI-Challenge\.venv\Lib\site-packages\sklearn\metrics\_classification.py:1561: UserWarning: Note that pos_label (set to 'p') is ignored when average != 'binary' (got 'weighted'). You may use labels=[pos_label] to specify a single positive class.
  warnings.warn(

2026-10-02 11:01:26,364:WARNING:c:\school\AI\Deep Learning\Cloud_AI\CloudAI-Challenge\.venv\Lib\site-packages\sklearn\metrics\_classification.py:1561: UserWarning: Note that pos_label (set to 'p') is ignored when average != 'binary' (got 'weighted'). You may use labels=[pos_label] to specify a single positive class.
  warnings.warn(

2026-10-02 11:01:26,368:WARNING:c:\school\AI\Deep Learning\Cloud_AI\CloudAI-Challenge\.venv\Lib\site-packages\sklearn\metrics\_classification.py:1561: UserWarning: Note that pos_label (set to 'p') is ignored when average != 'binary' (got 'weighted'). You may use labels=[pos_label] to specify a single positive class.
  warnings.warn(

2026-10-02 11:01:26,371:WARNING:c:\school\AI\Deep Learning\Cloud_AI\CloudAI-Challenge\.venv\Lib\site-packages\sklearn\metrics\_classification.py:1561: UserWarning: Note that pos_label (set to 'p') is ignored when average != 'binary' (got 'weighted'). You may use labels=[pos_label] to specify a single positive class.
  warnings.warn(

2026-10-02 11:01:26,385:INFO:Calculating mean and std
2026-10-02 11:01:26,387:INFO:Creating metrics dataframe
2026-10-02 11:01:26,389:INFO:Uploading results into container
2026-10-02 11:01:26,390:INFO:Uploading model into container now
2026-10-02 11:01:26,390:INFO:_master_model_container: 2
2026-10-02 11:01:26,391:INFO:_display_container: 2
2026-10-02 11:01:26,391:INFO:KNeighborsClassifier(algorithm='auto', leaf_size=30, metric='minkowski',
                     metric_params=None, n_jobs=-1, n_neighbors=5, p=2,
                     weights='uniform')
2026-10-02 11:01:26,392:INFO:create_model() successfully completed......................................
2026-10-02 11:01:26,510:INFO:SubProcess create_model() end ==================================
2026-10-02 11:01:26,510:INFO:Creating metrics dataframe
2026-10-02 11:01:26,517:INFO:Initializing Naive Bayes
2026-10-02 11:01:26,518:INFO:Total runtime is 0.17198521296183267 minutes
2026-10-02 11:01:26,521:INFO:SubProcess create_model() called ==================================
2026-10-02 11:01:26,522:INFO:Initializing create_model()
2026-10-02 11:01:26,522:INFO:create_model(self=<pycaret.classification.oop.ClassificationExperiment object at 0x000001C15CDBFCD0>, estimator=nb, fold=StratifiedKFold(n_splits=10, random_state=None, shuffle=False), round=4, cross_validation=True, predict=True, fit_kwargs={}, groups=None, refit=False, probability_threshold=None, experiment_custom_tags=None, verbose=False, system=False, add_to_model_list=True, metrics=None, display=<pycaret.internal.display.display.CommonDisplay object at 0x000001C15CEA2FD0>, model_only=True, return_train_score=False, error_score=0.0, kwargs={})
2026-10-02 11:01:26,522:INFO:Checking exceptions
2026-10-02 11:01:26,522:INFO:Importing libraries
2026-10-02 11:01:26,522:INFO:Copying training dataset
2026-10-02 11:01:26,527:INFO:Defining folds
2026-10-02 11:01:26,527:INFO:Declaring metric variables
2026-10-02 11:01:26,529:INFO:Importing untrained model
2026-10-02 11:01:26,534:INFO:Naive Bayes Imported successfully
2026-10-02 11:01:26,541:INFO:Starting cross validation
2026-10-02 11:01:26,544:INFO:Cross validating with StratifiedKFold(n_splits=10, random_state=None, shuffle=False), n_jobs=-1
2026-10-02 11:01:26,801:WARNING:c:\school\AI\Deep Learning\Cloud_AI\CloudAI-Challenge\.venv\Lib\site-packages\sklearn\metrics\_classification.py:1561: UserWarning: Note that pos_label (set to 'p') is ignored when average != 'binary' (got 'weighted'). You may use labels=[pos_label] to specify a single positive class.
  warnings.warn(

2026-10-02 11:01:26,806:WARNING:c:\school\AI\Deep Learning\Cloud_AI\CloudAI-Challenge\.venv\Lib\site-packages\sklearn\metrics\_classification.py:1561: UserWarning: Note that pos_label (set to 'p') is ignored when average != 'binary' (got 'weighted'). You may use labels=[pos_label] to specify a single positive class.
  warnings.warn(

2026-10-02 11:01:26,812:WARNING:c:\school\AI\Deep Learning\Cloud_AI\CloudAI-Challenge\.venv\Lib\site-packages\sklearn\metrics\_classification.py:1561: UserWarning: Note that pos_label (set to 'p') is ignored when average != 'binary' (got 'weighted'). You may use labels=[pos_label] to specify a single positive class.
  warnings.warn(

2026-10-02 11:01:26,812:WARNING:c:\school\AI\Deep Learning\Cloud_AI\CloudAI-Challenge\.venv\Lib\site-packages\sklearn\metrics\_classification.py:1561: UserWarning: Note that pos_label (set to 'p') is ignored when average != 'binary' (got 'weighted'). You may use labels=[pos_label] to specify a single positive class.
  warnings.warn(

2026-10-02 11:01:26,814:WARNING:c:\school\AI\Deep Learning\Cloud_AI\CloudAI-Challenge\.venv\Lib\site-packages\sklearn\metrics\_classification.py:1561: UserWarning: Note that pos_label (set to 'p') is ignored when average != 'binary' (got 'weighted'). You may use labels=[pos_label] to specify a single positive class.
  warnings.warn(

2026-10-02 11:01:26,818:WARNING:c:\school\AI\Deep Learning\Cloud_AI\CloudAI-Challenge\.venv\Lib\site-packages\sklearn\metrics\_classification.py:1561: UserWarning: Note that pos_label (set to 'p') is ignored when average != 'binary' (got 'weighted'). You may use labels=[pos_label] to specify a single positive class.
  warnings.warn(

2026-10-02 11:01:26,818:WARNING:c:\school\AI\Deep Learning\Cloud_AI\CloudAI-Challenge\.venv\Lib\site-packages\sklearn\metrics\_classification.py:1561: UserWarning: Note that pos_label (set to 'p') is ignored when average != 'binary' (got 'weighted'). You may use labels=[pos_label] to specify a single positive class.
  warnings.warn(

2026-10-02 11:01:26,820:WARNING:c:\school\AI\Deep Learning\Cloud_AI\CloudAI-Challenge\.venv\Lib\site-packages\sklearn\metrics\_classification.py:1561: UserWarning: Note that pos_label (set to 'p') is ignored when average != 'binary' (got 'weighted'). You may use labels=[pos_label] to specify a single positive class.
  warnings.warn(

2026-10-02 11:01:26,822:WARNING:c:\school\AI\Deep Learning\Cloud_AI\CloudAI-Challenge\.venv\Lib\site-packages\sklearn\metrics\_classification.py:1561: UserWarning: Note that pos_label (set to 'p') is ignored when average != 'binary' (got 'weighted'). You may use labels=[pos_label] to specify a single positive class.
  warnings.warn(

2026-10-02 11:01:26,822:WARNING:c:\school\AI\Deep Learning\Cloud_AI\CloudAI-Challenge\.venv\Lib\site-packages\sklearn\metrics\_classification.py:1561: UserWarning: Note that pos_label (set to 'p') is ignored when average != 'binary' (got 'weighted'). You may use labels=[pos_label] to specify a single positive class.
  warnings.warn(

2026-10-02 11:01:26,823:WARNING:c:\school\AI\Deep Learning\Cloud_AI\CloudAI-Challenge\.venv\Lib\site-packages\sklearn\metrics\_classification.py:1561: UserWarning: Note that pos_label (set to 'p') is ignored when average != 'binary' (got 'weighted'). You may use labels=[pos_label] to specify a single positive class.
  warnings.warn(

2026-10-02 11:01:26,825:WARNING:c:\school\AI\Deep Learning\Cloud_AI\CloudAI-Challenge\.venv\Lib\site-packages\sklearn\metrics\_classification.py:1561: UserWarning: Note that pos_label (set to 'p') is ignored when average != 'binary' (got 'weighted'). You may use labels=[pos_label] to specify a single positive class.
  warnings.warn(

2026-10-02 11:01:26,825:WARNING:c:\school\AI\Deep Learning\Cloud_AI\CloudAI-Challenge\.venv\Lib\site-packages\sklearn\metrics\_classification.py:1561: UserWarning: Note that pos_label (set to 'p') is ignored when average != 'binary' (got 'weighted'). You may use labels=[pos_label] to specify a single positive class.
  warnings.warn(

2026-10-02 11:01:26,827:WARNING:c:\school\AI\Deep Learning\Cloud_AI\CloudAI-Challenge\.venv\Lib\site-packages\sklearn\metrics\_classification.py:1561: UserWarning: Note that pos_label (set to 'p') is ignored when average != 'binary' (got 'weighted'). You may use labels=[pos_label] to specify a single positive class.
  warnings.warn(

2026-10-02 11:01:26,828:WARNING:c:\school\AI\Deep Learning\Cloud_AI\CloudAI-Challenge\.venv\Lib\site-packages\sklearn\metrics\_classification.py:1561: UserWarning: Note that pos_label (set to 'p') is ignored when average != 'binary' (got 'weighted'). You may use labels=[pos_label] to specify a single positive class.
  warnings.warn(

2026-10-02 11:01:26,828:WARNING:c:\school\AI\Deep Learning\Cloud_AI\CloudAI-Challenge\.venv\Lib\site-packages\sklearn\metrics\_classification.py:1561: UserWarning: Note that pos_label (set to 'p') is ignored when average != 'binary' (got 'weighted'). You may use labels=[pos_label] to specify a single positive class.
  warnings.warn(

2026-10-02 11:01:26,830:WARNING:c:\school\AI\Deep Learning\Cloud_AI\CloudAI-Challenge\.venv\Lib\site-packages\sklearn\metrics\_classification.py:1561: UserWarning: Note that pos_label (set to 'p') is ignored when average != 'binary' (got 'weighted'). You may use labels=[pos_label] to specify a single positive class.
  warnings.warn(

2026-10-02 11:01:26,832:WARNING:c:\school\AI\Deep Learning\Cloud_AI\CloudAI-Challenge\.venv\Lib\site-packages\sklearn\metrics\_classification.py:1561: UserWarning: Note that pos_label (set to 'p') is ignored when average != 'binary' (got 'weighted'). You may use labels=[pos_label] to specify a single positive class.
  warnings.warn(

2026-10-02 11:01:26,832:WARNING:c:\school\AI\Deep Learning\Cloud_AI\CloudAI-Challenge\.venv\Lib\site-packages\sklearn\metrics\_classification.py:1561: UserWarning: Note that pos_label (set to 'p') is ignored when average != 'binary' (got 'weighted'). You may use labels=[pos_label] to specify a single positive class.
  warnings.warn(

2026-10-02 11:01:26,835:WARNING:c:\school\AI\Deep Learning\Cloud_AI\CloudAI-Challenge\.venv\Lib\site-packages\sklearn\metrics\_classification.py:1561: UserWarning: Note that pos_label (set to 'p') is ignored when average != 'binary' (got 'weighted'). You may use labels=[pos_label] to specify a single positive class.
  warnings.warn(

2026-10-02 11:01:26,836:WARNING:c:\school\AI\Deep Learning\Cloud_AI\CloudAI-Challenge\.venv\Lib\site-packages\sklearn\metrics\_classification.py:1561: UserWarning: Note that pos_label (set to 'p') is ignored when average != 'binary' (got 'weighted'). You may use labels=[pos_label] to specify a single positive class.
  warnings.warn(

2026-10-02 11:01:26,837:WARNING:c:\school\AI\Deep Learning\Cloud_AI\CloudAI-Challenge\.venv\Lib\site-packages\sklearn\metrics\_classification.py:1561: UserWarning: Note that pos_label (set to 'p') is ignored when average != 'binary' (got 'weighted'). You may use labels=[pos_label] to specify a single positive class.
  warnings.warn(

2026-10-02 11:01:26,840:WARNING:c:\school\AI\Deep Learning\Cloud_AI\CloudAI-Challenge\.venv\Lib\site-packages\sklearn\metrics\_classification.py:1561: UserWarning: Note that pos_label (set to 'p') is ignored when average != 'binary' (got 'weighted'). You may use labels=[pos_label] to specify a single positive class.
  warnings.warn(

2026-10-02 11:01:26,841:WARNING:c:\school\AI\Deep Learning\Cloud_AI\CloudAI-Challenge\.venv\Lib\site-packages\sklearn\metrics\_classification.py:1561: UserWarning: Note that pos_label (set to 'p') is ignored when average != 'binary' (got 'weighted'). You may use labels=[pos_label] to specify a single positive class.
  warnings.warn(

2026-10-02 11:01:26,843:WARNING:c:\school\AI\Deep Learning\Cloud_AI\CloudAI-Challenge\.venv\Lib\site-packages\sklearn\metrics\_classification.py:1561: UserWarning: Note that pos_label (set to 'p') is ignored when average != 'binary' (got 'weighted'). You may use labels=[pos_label] to specify a single positive class.
  warnings.warn(

2026-10-02 11:01:26,843:WARNING:c:\school\AI\Deep Learning\Cloud_AI\CloudAI-Challenge\.venv\Lib\site-packages\sklearn\metrics\_classification.py:1561: UserWarning: Note that pos_label (set to 'p') is ignored when average != 'binary' (got 'weighted'). You may use labels=[pos_label] to specify a single positive class.
  warnings.warn(

2026-10-02 11:01:26,844:WARNING:c:\school\AI\Deep Learning\Cloud_AI\CloudAI-Challenge\.venv\Lib\site-packages\sklearn\metrics\_classification.py:1561: UserWarning: Note that pos_label (set to 'p') is ignored when average != 'binary' (got 'weighted'). You may use labels=[pos_label] to specify a single positive class.
  warnings.warn(

2026-10-02 11:01:26,845:WARNING:c:\school\AI\Deep Learning\Cloud_AI\CloudAI-Challenge\.venv\Lib\site-packages\sklearn\metrics\_classification.py:1561: UserWarning: Note that pos_label (set to 'p') is ignored when average != 'binary' (got 'weighted'). You may use labels=[pos_label] to specify a single positive class.
  warnings.warn(

2026-10-02 11:01:26,848:WARNING:c:\school\AI\Deep Learning\Cloud_AI\CloudAI-Challenge\.venv\Lib\site-packages\sklearn\metrics\_classification.py:1561: UserWarning: Note that pos_label (set to 'p') is ignored when average != 'binary' (got 'weighted'). You may use labels=[pos_label] to specify a single positive class.
  warnings.warn(

2026-10-02 11:01:26,863:INFO:Calculating mean and std
2026-10-02 11:01:26,865:INFO:Creating metrics dataframe
2026-10-02 11:01:26,867:INFO:Uploading results into container
2026-10-02 11:01:26,868:INFO:Uploading model into container now
2026-10-02 11:01:26,868:INFO:_master_model_container: 3
2026-10-02 11:01:26,869:INFO:_display_container: 2
2026-10-02 11:01:26,869:INFO:GaussianNB(priors=None, var_smoothing=1e-09)
2026-10-02 11:01:26,869:INFO:create_model() successfully completed......................................
2026-10-02 11:01:26,952:INFO:SubProcess create_model() end ==================================
2026-10-02 11:01:26,952:INFO:Creating metrics dataframe
2026-10-02 11:01:26,959:INFO:Initializing Decision Tree Classifier
2026-10-02 11:01:26,959:INFO:Total runtime is 0.179343577226003 minutes
2026-10-02 11:01:26,962:INFO:SubProcess create_model() called ==================================
2026-10-02 11:01:26,963:INFO:Initializing create_model()
2026-10-02 11:01:26,963:INFO:create_model(self=<pycaret.classification.oop.ClassificationExperiment object at 0x000001C15CDBFCD0>, estimator=dt, fold=StratifiedKFold(n_splits=10, random_state=None, shuffle=False), round=4, cross_validation=True, predict=True, fit_kwargs={}, groups=None, refit=False, probability_threshold=None, experiment_custom_tags=None, verbose=False, system=False, add_to_model_list=True, metrics=None, display=<pycaret.internal.display.display.CommonDisplay object at 0x000001C15CEA2FD0>, model_only=True, return_train_score=False, error_score=0.0, kwargs={})
2026-10-02 11:01:26,963:INFO:Checking exceptions
2026-10-02 11:01:26,963:INFO:Importing libraries
2026-10-02 11:01:26,963:INFO:Copying training dataset
2026-10-02 11:01:26,967:INFO:Defining folds
2026-10-02 11:01:26,968:INFO:Declaring metric variables
2026-10-02 11:01:26,972:INFO:Importing untrained model
2026-10-02 11:01:26,975:INFO:Decision Tree Classifier Imported successfully
2026-10-02 11:01:26,981:INFO:Starting cross validation
2026-10-02 11:01:26,985:INFO:Cross validating with StratifiedKFold(n_splits=10, random_state=None, shuffle=False), n_jobs=-1
2026-10-02 11:01:27,288:WARNING:c:\school\AI\Deep Learning\Cloud_AI\CloudAI-Challenge\.venv\Lib\site-packages\sklearn\metrics\_classification.py:1561: UserWarning: Note that pos_label (set to 'p') is ignored when average != 'binary' (got 'weighted'). You may use labels=[pos_label] to specify a single positive class.
  warnings.warn(

2026-10-02 11:01:27,292:WARNING:c:\school\AI\Deep Learning\Cloud_AI\CloudAI-Challenge\.venv\Lib\site-packages\sklearn\metrics\_classification.py:1561: UserWarning: Note that pos_label (set to 'p') is ignored when average != 'binary' (got 'weighted'). You may use labels=[pos_label] to specify a single positive class.
  warnings.warn(

2026-10-02 11:01:27,292:WARNING:c:\school\AI\Deep Learning\Cloud_AI\CloudAI-Challenge\.venv\Lib\site-packages\sklearn\metrics\_classification.py:1561: UserWarning: Note that pos_label (set to 'p') is ignored when average != 'binary' (got 'weighted'). You may use labels=[pos_label] to specify a single positive class.
  warnings.warn(

2026-10-02 11:01:27,295:WARNING:c:\school\AI\Deep Learning\Cloud_AI\CloudAI-Challenge\.venv\Lib\site-packages\sklearn\metrics\_classification.py:1561: UserWarning: Note that pos_label (set to 'p') is ignored when average != 'binary' (got 'weighted'). You may use labels=[pos_label] to specify a single positive class.
  warnings.warn(

2026-10-02 11:01:27,298:WARNING:c:\school\AI\Deep Learning\Cloud_AI\CloudAI-Challenge\.venv\Lib\site-packages\sklearn\metrics\_classification.py:1561: UserWarning: Note that pos_label (set to 'p') is ignored when average != 'binary' (got 'weighted'). You may use labels=[pos_label] to specify a single positive class.
  warnings.warn(

2026-10-02 11:01:27,299:WARNING:c:\school\AI\Deep Learning\Cloud_AI\CloudAI-Challenge\.venv\Lib\site-packages\sklearn\metrics\_classification.py:1561: UserWarning: Note that pos_label (set to 'p') is ignored when average != 'binary' (got 'weighted'). You may use labels=[pos_label] to specify a single positive class.
  warnings.warn(

2026-10-02 11:01:27,302:WARNING:c:\school\AI\Deep Learning\Cloud_AI\CloudAI-Challenge\.venv\Lib\site-packages\sklearn\metrics\_classification.py:1561: UserWarning: Note that pos_label (set to 'p') is ignored when average != 'binary' (got 'weighted'). You may use labels=[pos_label] to specify a single positive class.
  warnings.warn(

2026-10-02 11:01:27,304:WARNING:c:\school\AI\Deep Learning\Cloud_AI\CloudAI-Challenge\.venv\Lib\site-packages\sklearn\metrics\_classification.py:1561: UserWarning: Note that pos_label (set to 'p') is ignored when average != 'binary' (got 'weighted'). You may use labels=[pos_label] to specify a single positive class.
  warnings.warn(

2026-10-02 11:01:27,305:WARNING:c:\school\AI\Deep Learning\Cloud_AI\CloudAI-Challenge\.venv\Lib\site-packages\sklearn\metrics\_classification.py:1561: UserWarning: Note that pos_label (set to 'p') is ignored when average != 'binary' (got 'weighted'). You may use labels=[pos_label] to specify a single positive class.
  warnings.warn(

2026-10-02 11:01:27,306:WARNING:c:\school\AI\Deep Learning\Cloud_AI\CloudAI-Challenge\.venv\Lib\site-packages\sklearn\metrics\_classification.py:1561: UserWarning: Note that pos_label (set to 'p') is ignored when average != 'binary' (got 'weighted'). You may use labels=[pos_label] to specify a single positive class.
  warnings.warn(

2026-10-02 11:01:27,307:WARNING:c:\school\AI\Deep Learning\Cloud_AI\CloudAI-Challenge\.venv\Lib\site-packages\sklearn\metrics\_classification.py:1561: UserWarning: Note that pos_label (set to 'p') is ignored when average != 'binary' (got 'weighted'). You may use labels=[pos_label] to specify a single positive class.
  warnings.warn(

2026-10-02 11:01:27,311:WARNING:c:\school\AI\Deep Learning\Cloud_AI\CloudAI-Challenge\.venv\Lib\site-packages\sklearn\metrics\_classification.py:1561: UserWarning: Note that pos_label (set to 'p') is ignored when average != 'binary' (got 'weighted'). You may use labels=[pos_label] to specify a single positive class.
  warnings.warn(

2026-10-02 11:01:27,313:WARNING:c:\school\AI\Deep Learning\Cloud_AI\CloudAI-Challenge\.venv\Lib\site-packages\sklearn\metrics\_classification.py:1561: UserWarning: Note that pos_label (set to 'p') is ignored when average != 'binary' (got 'weighted'). You may use labels=[pos_label] to specify a single positive class.
  warnings.warn(

2026-10-02 11:01:27,317:WARNING:c:\school\AI\Deep Learning\Cloud_AI\CloudAI-Challenge\.venv\Lib\site-packages\sklearn\metrics\_classification.py:1561: UserWarning: Note that pos_label (set to 'p') is ignored when average != 'binary' (got 'weighted'). You may use labels=[pos_label] to specify a single positive class.
  warnings.warn(

2026-10-02 11:01:27,317:WARNING:c:\school\AI\Deep Learning\Cloud_AI\CloudAI-Challenge\.venv\Lib\site-packages\sklearn\metrics\_classification.py:1561: UserWarning: Note that pos_label (set to 'p') is ignored when average != 'binary' (got 'weighted'). You may use labels=[pos_label] to specify a single positive class.
  warnings.warn(

2026-10-02 11:01:27,318:WARNING:c:\school\AI\Deep Learning\Cloud_AI\CloudAI-Challenge\.venv\Lib\site-packages\sklearn\metrics\_classification.py:1561: UserWarning: Note that pos_label (set to 'p') is ignored when average != 'binary' (got 'weighted'). You may use labels=[pos_label] to specify a single positive class.
  warnings.warn(

2026-10-02 11:01:27,319:WARNING:c:\school\AI\Deep Learning\Cloud_AI\CloudAI-Challenge\.venv\Lib\site-packages\sklearn\metrics\_classification.py:1561: UserWarning: Note that pos_label (set to 'p') is ignored when average != 'binary' (got 'weighted'). You may use labels=[pos_label] to specify a single positive class.
  warnings.warn(

2026-10-02 11:01:27,319:WARNING:c:\school\AI\Deep Learning\Cloud_AI\CloudAI-Challenge\.venv\Lib\site-packages\sklearn\metrics\_classification.py:1561: UserWarning: Note that pos_label (set to 'p') is ignored when average != 'binary' (got 'weighted'). You may use labels=[pos_label] to specify a single positive class.
  warnings.warn(

2026-10-02 11:01:27,321:WARNING:c:\school\AI\Deep Learning\Cloud_AI\CloudAI-Challenge\.venv\Lib\site-packages\sklearn\metrics\_classification.py:1561: UserWarning: Note that pos_label (set to 'p') is ignored when average != 'binary' (got 'weighted'). You may use labels=[pos_label] to specify a single positive class.
  warnings.warn(

2026-10-02 11:01:27,322:WARNING:c:\school\AI\Deep Learning\Cloud_AI\CloudAI-Challenge\.venv\Lib\site-packages\sklearn\metrics\_classification.py:1561: UserWarning: Note that pos_label (set to 'p') is ignored when average != 'binary' (got 'weighted'). You may use labels=[pos_label] to specify a single positive class.
  warnings.warn(

2026-10-02 11:01:27,322:WARNING:c:\school\AI\Deep Learning\Cloud_AI\CloudAI-Challenge\.venv\Lib\site-packages\sklearn\metrics\_classification.py:1561: UserWarning: Note that pos_label (set to 'p') is ignored when average != 'binary' (got 'weighted'). You may use labels=[pos_label] to specify a single positive class.
  warnings.warn(

2026-10-02 11:01:27,324:WARNING:c:\school\AI\Deep Learning\Cloud_AI\CloudAI-Challenge\.venv\Lib\site-packages\sklearn\metrics\_classification.py:1561: UserWarning: Note that pos_label (set to 'p') is ignored when average != 'binary' (got 'weighted'). You may use labels=[pos_label] to specify a single positive class.
  warnings.warn(

2026-10-02 11:01:27,325:WARNING:c:\school\AI\Deep Learning\Cloud_AI\CloudAI-Challenge\.venv\Lib\site-packages\sklearn\metrics\_classification.py:1561: UserWarning: Note that pos_label (set to 'p') is ignored when average != 'binary' (got 'weighted'). You may use labels=[pos_label] to specify a single positive class.
  warnings.warn(

2026-10-02 11:01:27,325:WARNING:c:\school\AI\Deep Learning\Cloud_AI\CloudAI-Challenge\.venv\Lib\site-packages\sklearn\metrics\_classification.py:1561: UserWarning: Note that pos_label (set to 'p') is ignored when average != 'binary' (got 'weighted'). You may use labels=[pos_label] to specify a single positive class.
  warnings.warn(

2026-10-02 11:01:27,326:WARNING:c:\school\AI\Deep Learning\Cloud_AI\CloudAI-Challenge\.venv\Lib\site-packages\sklearn\metrics\_classification.py:1561: UserWarning: Note that pos_label (set to 'p') is ignored when average != 'binary' (got 'weighted'). You may use labels=[pos_label] to specify a single positive class.
  warnings.warn(

2026-10-02 11:01:27,328:WARNING:c:\school\AI\Deep Learning\Cloud_AI\CloudAI-Challenge\.venv\Lib\site-packages\sklearn\metrics\_classification.py:1561: UserWarning: Note that pos_label (set to 'p') is ignored when average != 'binary' (got 'weighted'). You may use labels=[pos_label] to specify a single positive class.
  warnings.warn(

2026-10-02 11:01:27,330:WARNING:c:\school\AI\Deep Learning\Cloud_AI\CloudAI-Challenge\.venv\Lib\site-packages\sklearn\metrics\_classification.py:1561: UserWarning: Note that pos_label (set to 'p') is ignored when average != 'binary' (got 'weighted'). You may use labels=[pos_label] to specify a single positive class.
  warnings.warn(

2026-10-02 11:01:27,332:WARNING:c:\school\AI\Deep Learning\Cloud_AI\CloudAI-Challenge\.venv\Lib\site-packages\sklearn\metrics\_classification.py:1561: UserWarning: Note that pos_label (set to 'p') is ignored when average != 'binary' (got 'weighted'). You may use labels=[pos_label] to specify a single positive class.
  warnings.warn(

2026-10-02 11:01:27,344:INFO:Calculating mean and std
2026-10-02 11:01:27,345:INFO:Creating metrics dataframe
2026-10-02 11:01:27,347:INFO:Uploading results into container
2026-10-02 11:01:27,347:INFO:Uploading model into container now
2026-10-02 11:01:27,348:INFO:_master_model_container: 4
2026-10-02 11:01:27,348:INFO:_display_container: 2
2026-10-02 11:01:27,349:INFO:DecisionTreeClassifier(ccp_alpha=0.0, class_weight=None, criterion='gini',
                       max_depth=None, max_features=None, max_leaf_nodes=None,
                       min_impurity_decrease=0.0, min_samples_leaf=1,
                       min_samples_split=2, min_weight_fraction_leaf=0.0,
                       monotonic_cst=None, random_state=42, splitter='best')
2026-10-02 11:01:27,349:INFO:create_model() successfully completed......................................
2026-10-02 11:01:27,438:INFO:SubProcess create_model() end ==================================
2026-10-02 11:01:27,438:INFO:Creating metrics dataframe
2026-10-02 11:01:27,445:INFO:Initializing SVM - Linear Kernel
2026-10-02 11:01:27,446:INFO:Total runtime is 0.1874548037846883 minutes
2026-10-02 11:01:27,449:INFO:SubProcess create_model() called ==================================
2026-10-02 11:01:27,450:INFO:Initializing create_model()
2026-10-02 11:01:27,450:INFO:create_model(self=<pycaret.classification.oop.ClassificationExperiment object at 0x000001C15CDBFCD0>, estimator=svm, fold=StratifiedKFold(n_splits=10, random_state=None, shuffle=False), round=4, cross_validation=True, predict=True, fit_kwargs={}, groups=None, refit=False, probability_threshold=None, experiment_custom_tags=None, verbose=False, system=False, add_to_model_list=True, metrics=None, display=<pycaret.internal.display.display.CommonDisplay object at 0x000001C15CEA2FD0>, model_only=True, return_train_score=False, error_score=0.0, kwargs={})
2026-10-02 11:01:27,450:INFO:Checking exceptions
2026-10-02 11:01:27,450:INFO:Importing libraries
2026-10-02 11:01:27,450:INFO:Copying training dataset
2026-10-02 11:01:27,455:INFO:Defining folds
2026-10-02 11:01:27,455:INFO:Declaring metric variables
2026-10-02 11:01:27,459:INFO:Importing untrained model
2026-10-02 11:01:27,463:INFO:SVM - Linear Kernel Imported successfully
2026-10-02 11:01:27,472:INFO:Starting cross validation
2026-10-02 11:01:27,476:INFO:Cross validating with StratifiedKFold(n_splits=10, random_state=None, shuffle=False), n_jobs=-1
2026-10-02 11:01:27,760:WARNING:c:\school\AI\Deep Learning\Cloud_AI\CloudAI-Challenge\.venv\Lib\site-packages\sklearn\metrics\_classification.py:1561: UserWarning: Note that pos_label (set to 'p') is ignored when average != 'binary' (got 'weighted'). You may use labels=[pos_label] to specify a single positive class.
  warnings.warn(

2026-10-02 11:01:27,763:WARNING:c:\school\AI\Deep Learning\Cloud_AI\CloudAI-Challenge\.venv\Lib\site-packages\sklearn\metrics\_classification.py:1561: UserWarning: Note that pos_label (set to 'p') is ignored when average != 'binary' (got 'weighted'). You may use labels=[pos_label] to specify a single positive class.
  warnings.warn(

2026-10-02 11:01:27,767:WARNING:c:\school\AI\Deep Learning\Cloud_AI\CloudAI-Challenge\.venv\Lib\site-packages\sklearn\metrics\_classification.py:1561: UserWarning: Note that pos_label (set to 'p') is ignored when average != 'binary' (got 'weighted'). You may use labels=[pos_label] to specify a single positive class.
  warnings.warn(

2026-10-02 11:01:27,768:WARNING:c:\school\AI\Deep Learning\Cloud_AI\CloudAI-Challenge\.venv\Lib\site-packages\sklearn\metrics\_classification.py:1561: UserWarning: Note that pos_label (set to 'p') is ignored when average != 'binary' (got 'weighted'). You may use labels=[pos_label] to specify a single positive class.
  warnings.warn(

2026-10-02 11:01:27,774:WARNING:c:\school\AI\Deep Learning\Cloud_AI\CloudAI-Challenge\.venv\Lib\site-packages\sklearn\metrics\_classification.py:1561: UserWarning: Note that pos_label (set to 'p') is ignored when average != 'binary' (got 'weighted'). You may use labels=[pos_label] to specify a single positive class.
  warnings.warn(

2026-10-02 11:01:27,779:WARNING:c:\school\AI\Deep Learning\Cloud_AI\CloudAI-Challenge\.venv\Lib\site-packages\sklearn\metrics\_classification.py:1561: UserWarning: Note that pos_label (set to 'p') is ignored when average != 'binary' (got 'weighted'). You may use labels=[pos_label] to specify a single positive class.
  warnings.warn(

2026-10-02 11:01:27,782:WARNING:c:\school\AI\Deep Learning\Cloud_AI\CloudAI-Challenge\.venv\Lib\site-packages\sklearn\metrics\_classification.py:1561: UserWarning: Note that pos_label (set to 'p') is ignored when average != 'binary' (got 'weighted'). You may use labels=[pos_label] to specify a single positive class.
  warnings.warn(

2026-10-02 11:01:27,785:WARNING:c:\school\AI\Deep Learning\Cloud_AI\CloudAI-Challenge\.venv\Lib\site-packages\sklearn\metrics\_classification.py:1561: UserWarning: Note that pos_label (set to 'p') is ignored when average != 'binary' (got 'weighted'). You may use labels=[pos_label] to specify a single positive class.
  warnings.warn(

2026-10-02 11:01:27,787:WARNING:c:\school\AI\Deep Learning\Cloud_AI\CloudAI-Challenge\.venv\Lib\site-packages\sklearn\metrics\_classification.py:1561: UserWarning: Note that pos_label (set to 'p') is ignored when average != 'binary' (got 'weighted'). You may use labels=[pos_label] to specify a single positive class.
  warnings.warn(

2026-10-02 11:01:27,790:WARNING:c:\school\AI\Deep Learning\Cloud_AI\CloudAI-Challenge\.venv\Lib\site-packages\sklearn\metrics\_classification.py:1561: UserWarning: Note that pos_label (set to 'p') is ignored when average != 'binary' (got 'weighted'). You may use labels=[pos_label] to specify a single positive class.
  warnings.warn(

2026-10-02 11:01:27,790:WARNING:c:\school\AI\Deep Learning\Cloud_AI\CloudAI-Challenge\.venv\Lib\site-packages\sklearn\metrics\_classification.py:1561: UserWarning: Note that pos_label (set to 'p') is ignored when average != 'binary' (got 'weighted'). You may use labels=[pos_label] to specify a single positive class.
  warnings.warn(

2026-10-02 11:01:27,793:WARNING:c:\school\AI\Deep Learning\Cloud_AI\CloudAI-Challenge\.venv\Lib\site-packages\sklearn\metrics\_classification.py:1561: UserWarning: Note that pos_label (set to 'p') is ignored when average != 'binary' (got 'weighted'). You may use labels=[pos_label] to specify a single positive class.
  warnings.warn(

2026-10-02 11:01:27,796:WARNING:c:\school\AI\Deep Learning\Cloud_AI\CloudAI-Challenge\.venv\Lib\site-packages\sklearn\metrics\_classification.py:1561: UserWarning: Note that pos_label (set to 'p') is ignored when average != 'binary' (got 'weighted'). You may use labels=[pos_label] to specify a single positive class.
  warnings.warn(

2026-10-02 11:01:27,798:WARNING:c:\school\AI\Deep Learning\Cloud_AI\CloudAI-Challenge\.venv\Lib\site-packages\sklearn\metrics\_classification.py:1561: UserWarning: Note that pos_label (set to 'p') is ignored when average != 'binary' (got 'weighted'). You may use labels=[pos_label] to specify a single positive class.
  warnings.warn(

2026-10-02 11:01:27,799:WARNING:c:\school\AI\Deep Learning\Cloud_AI\CloudAI-Challenge\.venv\Lib\site-packages\sklearn\metrics\_classification.py:1561: UserWarning: Note that pos_label (set to 'p') is ignored when average != 'binary' (got 'weighted'). You may use labels=[pos_label] to specify a single positive class.
  warnings.warn(

2026-10-02 11:01:27,799:WARNING:c:\school\AI\Deep Learning\Cloud_AI\CloudAI-Challenge\.venv\Lib\site-packages\sklearn\metrics\_classification.py:1561: UserWarning: Note that pos_label (set to 'p') is ignored when average != 'binary' (got 'weighted'). You may use labels=[pos_label] to specify a single positive class.
  warnings.warn(

2026-10-02 11:01:27,800:WARNING:c:\school\AI\Deep Learning\Cloud_AI\CloudAI-Challenge\.venv\Lib\site-packages\sklearn\metrics\_classification.py:1561: UserWarning: Note that pos_label (set to 'p') is ignored when average != 'binary' (got 'weighted'). You may use labels=[pos_label] to specify a single positive class.
  warnings.warn(

2026-10-02 11:01:27,801:WARNING:c:\school\AI\Deep Learning\Cloud_AI\CloudAI-Challenge\.venv\Lib\site-packages\sklearn\metrics\_classification.py:1561: UserWarning: Note that pos_label (set to 'p') is ignored when average != 'binary' (got 'weighted'). You may use labels=[pos_label] to specify a single positive class.
  warnings.warn(

2026-10-02 11:01:27,803:WARNING:c:\school\AI\Deep Learning\Cloud_AI\CloudAI-Challenge\.venv\Lib\site-packages\sklearn\metrics\_classification.py:1561: UserWarning: Note that pos_label (set to 'p') is ignored when average != 'binary' (got 'weighted'). You may use labels=[pos_label] to specify a single positive class.
  warnings.warn(

2026-10-02 11:01:27,803:WARNING:c:\school\AI\Deep Learning\Cloud_AI\CloudAI-Challenge\.venv\Lib\site-packages\sklearn\metrics\_classification.py:1561: UserWarning: Note that pos_label (set to 'p') is ignored when average != 'binary' (got 'weighted'). You may use labels=[pos_label] to specify a single positive class.
  warnings.warn(

2026-10-02 11:01:27,804:WARNING:c:\school\AI\Deep Learning\Cloud_AI\CloudAI-Challenge\.venv\Lib\site-packages\sklearn\metrics\_classification.py:1561: UserWarning: Note that pos_label (set to 'p') is ignored when average != 'binary' (got 'weighted'). You may use labels=[pos_label] to specify a single positive class.
  warnings.warn(

2026-10-02 11:01:27,804:WARNING:c:\school\AI\Deep Learning\Cloud_AI\CloudAI-Challenge\.venv\Lib\site-packages\sklearn\metrics\_classification.py:1561: UserWarning: Note that pos_label (set to 'p') is ignored when average != 'binary' (got 'weighted'). You may use labels=[pos_label] to specify a single positive class.
  warnings.warn(

2026-10-02 11:01:27,804:WARNING:c:\school\AI\Deep Learning\Cloud_AI\CloudAI-Challenge\.venv\Lib\site-packages\sklearn\metrics\_classification.py:1561: UserWarning: Note that pos_label (set to 'p') is ignored when average != 'binary' (got 'weighted'). You may use labels=[pos_label] to specify a single positive class.
  warnings.warn(

2026-10-02 11:01:27,805:WARNING:c:\school\AI\Deep Learning\Cloud_AI\CloudAI-Challenge\.venv\Lib\site-packages\sklearn\metrics\_classification.py:1561: UserWarning: Note that pos_label (set to 'p') is ignored when average != 'binary' (got 'weighted'). You may use labels=[pos_label] to specify a single positive class.
  warnings.warn(

2026-10-02 11:01:27,806:WARNING:c:\school\AI\Deep Learning\Cloud_AI\CloudAI-Challenge\.venv\Lib\site-packages\sklearn\metrics\_classification.py:1561: UserWarning: Note that pos_label (set to 'p') is ignored when average != 'binary' (got 'weighted'). You may use labels=[pos_label] to specify a single positive class.
  warnings.warn(

2026-10-02 11:01:27,807:WARNING:c:\school\AI\Deep Learning\Cloud_AI\CloudAI-Challenge\.venv\Lib\site-packages\sklearn\metrics\_classification.py:1561: UserWarning: Note that pos_label (set to 'p') is ignored when average != 'binary' (got 'weighted'). You may use labels=[pos_label] to specify a single positive class.
  warnings.warn(

2026-10-02 11:01:27,808:WARNING:c:\school\AI\Deep Learning\Cloud_AI\CloudAI-Challenge\.venv\Lib\site-packages\sklearn\metrics\_classification.py:1561: UserWarning: Note that pos_label (set to 'p') is ignored when average != 'binary' (got 'weighted'). You may use labels=[pos_label] to specify a single positive class.
  warnings.warn(

2026-10-02 11:01:27,809:WARNING:c:\school\AI\Deep Learning\Cloud_AI\CloudAI-Challenge\.venv\Lib\site-packages\sklearn\metrics\_classification.py:1561: UserWarning: Note that pos_label (set to 'p') is ignored when average != 'binary' (got 'weighted'). You may use labels=[pos_label] to specify a single positive class.
  warnings.warn(

2026-10-02 11:01:27,809:WARNING:c:\school\AI\Deep Learning\Cloud_AI\CloudAI-Challenge\.venv\Lib\site-packages\sklearn\metrics\_classification.py:1561: UserWarning: Note that pos_label (set to 'p') is ignored when average != 'binary' (got 'weighted'). You may use labels=[pos_label] to specify a single positive class.
  warnings.warn(

2026-10-02 11:01:27,809:WARNING:c:\school\AI\Deep Learning\Cloud_AI\CloudAI-Challenge\.venv\Lib\site-packages\sklearn\metrics\_classification.py:1561: UserWarning: Note that pos_label (set to 'p') is ignored when average != 'binary' (got 'weighted'). You may use labels=[pos_label] to specify a single positive class.
  warnings.warn(

2026-10-02 11:01:27,823:INFO:Calculating mean and std
2026-10-02 11:01:27,824:INFO:Creating metrics dataframe
2026-10-02 11:01:27,826:INFO:Uploading results into container
2026-10-02 11:01:27,826:INFO:Uploading model into container now
2026-10-02 11:01:27,826:INFO:_master_model_container: 5
2026-10-02 11:01:27,826:INFO:_display_container: 2
2026-10-02 11:01:27,827:INFO:SGDClassifier(alpha=0.0001, average=False, class_weight=None,
              early_stopping=False, epsilon=0.1, eta0=0.001, fit_intercept=True,
              l1_ratio=0.15, learning_rate='optimal', loss='hinge',
              max_iter=1000, n_iter_no_change=5, n_jobs=-1, penalty='l2',
              power_t=0.5, random_state=42, shuffle=True, tol=0.001,
              validation_fraction=0.1, verbose=0, warm_start=False)
2026-10-02 11:01:27,827:INFO:create_model() successfully completed......................................
2026-10-02 11:01:27,915:INFO:SubProcess create_model() end ==================================
2026-10-02 11:01:27,915:INFO:Creating metrics dataframe
2026-10-02 11:01:27,923:INFO:Initializing Ridge Classifier
2026-10-02 11:01:27,923:INFO:Total runtime is 0.1954018712043762 minutes
2026-10-02 11:01:27,926:INFO:SubProcess create_model() called ==================================
2026-10-02 11:01:27,926:INFO:Initializing create_model()
2026-10-02 11:01:27,926:INFO:create_model(self=<pycaret.classification.oop.ClassificationExperiment object at 0x000001C15CDBFCD0>, estimator=ridge, fold=StratifiedKFold(n_splits=10, random_state=None, shuffle=False), round=4, cross_validation=True, predict=True, fit_kwargs={}, groups=None, refit=False, probability_threshold=None, experiment_custom_tags=None, verbose=False, system=False, add_to_model_list=True, metrics=None, display=<pycaret.internal.display.display.CommonDisplay object at 0x000001C15CEA2FD0>, model_only=True, return_train_score=False, error_score=0.0, kwargs={})
2026-10-02 11:01:27,926:INFO:Checking exceptions
2026-10-02 11:01:27,926:INFO:Importing libraries
2026-10-02 11:01:27,926:INFO:Copying training dataset
2026-10-02 11:01:27,930:INFO:Defining folds
2026-10-02 11:01:27,930:INFO:Declaring metric variables
2026-10-02 11:01:27,934:INFO:Importing untrained model
2026-10-02 11:01:27,937:INFO:Ridge Classifier Imported successfully
2026-10-02 11:01:27,943:INFO:Starting cross validation
2026-10-02 11:01:27,948:INFO:Cross validating with StratifiedKFold(n_splits=10, random_state=None, shuffle=False), n_jobs=-1
2026-10-02 11:01:28,213:WARNING:c:\school\AI\Deep Learning\Cloud_AI\CloudAI-Challenge\.venv\Lib\site-packages\sklearn\metrics\_classification.py:1561: UserWarning: Note that pos_label (set to 'p') is ignored when average != 'binary' (got 'weighted'). You may use labels=[pos_label] to specify a single positive class.
  warnings.warn(

2026-10-02 11:01:28,215:WARNING:c:\school\AI\Deep Learning\Cloud_AI\CloudAI-Challenge\.venv\Lib\site-packages\sklearn\metrics\_classification.py:1561: UserWarning: Note that pos_label (set to 'p') is ignored when average != 'binary' (got 'weighted'). You may use labels=[pos_label] to specify a single positive class.
  warnings.warn(

2026-10-02 11:01:28,219:WARNING:c:\school\AI\Deep Learning\Cloud_AI\CloudAI-Challenge\.venv\Lib\site-packages\sklearn\metrics\_classification.py:1561: UserWarning: Note that pos_label (set to 'p') is ignored when average != 'binary' (got 'weighted'). You may use labels=[pos_label] to specify a single positive class.
  warnings.warn(

2026-10-02 11:01:28,220:WARNING:c:\school\AI\Deep Learning\Cloud_AI\CloudAI-Challenge\.venv\Lib\site-packages\sklearn\metrics\_classification.py:1561: UserWarning: Note that pos_label (set to 'p') is ignored when average != 'binary' (got 'weighted'). You may use labels=[pos_label] to specify a single positive class.
  warnings.warn(

2026-10-02 11:01:28,221:WARNING:c:\school\AI\Deep Learning\Cloud_AI\CloudAI-Challenge\.venv\Lib\site-packages\sklearn\metrics\_classification.py:1561: UserWarning: Note that pos_label (set to 'p') is ignored when average != 'binary' (got 'weighted'). You may use labels=[pos_label] to specify a single positive class.
  warnings.warn(

2026-10-02 11:01:28,225:WARNING:c:\school\AI\Deep Learning\Cloud_AI\CloudAI-Challenge\.venv\Lib\site-packages\sklearn\metrics\_classification.py:1561: UserWarning: Note that pos_label (set to 'p') is ignored when average != 'binary' (got 'weighted'). You may use labels=[pos_label] to specify a single positive class.
  warnings.warn(

2026-10-02 11:01:28,225:WARNING:c:\school\AI\Deep Learning\Cloud_AI\CloudAI-Challenge\.venv\Lib\site-packages\sklearn\metrics\_classification.py:1561: UserWarning: Note that pos_label (set to 'p') is ignored when average != 'binary' (got 'weighted'). You may use labels=[pos_label] to specify a single positive class.
  warnings.warn(

2026-10-02 11:01:28,225:WARNING:c:\school\AI\Deep Learning\Cloud_AI\CloudAI-Challenge\.venv\Lib\site-packages\sklearn\metrics\_classification.py:1561: UserWarning: Note that pos_label (set to 'p') is ignored when average != 'binary' (got 'weighted'). You may use labels=[pos_label] to specify a single positive class.
  warnings.warn(

2026-10-02 11:01:28,226:WARNING:c:\school\AI\Deep Learning\Cloud_AI\CloudAI-Challenge\.venv\Lib\site-packages\sklearn\metrics\_classification.py:1561: UserWarning: Note that pos_label (set to 'p') is ignored when average != 'binary' (got 'weighted'). You may use labels=[pos_label] to specify a single positive class.
  warnings.warn(

2026-10-02 11:01:28,230:WARNING:c:\school\AI\Deep Learning\Cloud_AI\CloudAI-Challenge\.venv\Lib\site-packages\sklearn\metrics\_classification.py:1561: UserWarning: Note that pos_label (set to 'p') is ignored when average != 'binary' (got 'weighted'). You may use labels=[pos_label] to specify a single positive class.
  warnings.warn(

2026-10-02 11:01:28,230:WARNING:c:\school\AI\Deep Learning\Cloud_AI\CloudAI-Challenge\.venv\Lib\site-packages\sklearn\metrics\_classification.py:1561: UserWarning: Note that pos_label (set to 'p') is ignored when average != 'binary' (got 'weighted'). You may use labels=[pos_label] to specify a single positive class.
  warnings.warn(

2026-10-02 11:01:28,231:WARNING:c:\school\AI\Deep Learning\Cloud_AI\CloudAI-Challenge\.venv\Lib\site-packages\sklearn\metrics\_classification.py:1561: UserWarning: Note that pos_label (set to 'p') is ignored when average != 'binary' (got 'weighted'). You may use labels=[pos_label] to specify a single positive class.
  warnings.warn(

2026-10-02 11:01:28,231:WARNING:c:\school\AI\Deep Learning\Cloud_AI\CloudAI-Challenge\.venv\Lib\site-packages\sklearn\metrics\_classification.py:1561: UserWarning: Note that pos_label (set to 'p') is ignored when average != 'binary' (got 'weighted'). You may use labels=[pos_label] to specify a single positive class.
  warnings.warn(

2026-10-02 11:01:28,234:WARNING:c:\school\AI\Deep Learning\Cloud_AI\CloudAI-Challenge\.venv\Lib\site-packages\sklearn\metrics\_classification.py:1561: UserWarning: Note that pos_label (set to 'p') is ignored when average != 'binary' (got 'weighted'). You may use labels=[pos_label] to specify a single positive class.
  warnings.warn(

2026-10-02 11:01:28,234:WARNING:c:\school\AI\Deep Learning\Cloud_AI\CloudAI-Challenge\.venv\Lib\site-packages\sklearn\metrics\_classification.py:1561: UserWarning: Note that pos_label (set to 'p') is ignored when average != 'binary' (got 'weighted'). You may use labels=[pos_label] to specify a single positive class.
  warnings.warn(

2026-10-02 11:01:28,236:WARNING:c:\school\AI\Deep Learning\Cloud_AI\CloudAI-Challenge\.venv\Lib\site-packages\sklearn\metrics\_classification.py:1561: UserWarning: Note that pos_label (set to 'p') is ignored when average != 'binary' (got 'weighted'). You may use labels=[pos_label] to specify a single positive class.
  warnings.warn(

2026-10-02 11:01:28,237:WARNING:c:\school\AI\Deep Learning\Cloud_AI\CloudAI-Challenge\.venv\Lib\site-packages\sklearn\metrics\_classification.py:1561: UserWarning: Note that pos_label (set to 'p') is ignored when average != 'binary' (got 'weighted'). You may use labels=[pos_label] to specify a single positive class.
  warnings.warn(

2026-10-02 11:01:28,240:WARNING:c:\school\AI\Deep Learning\Cloud_AI\CloudAI-Challenge\.venv\Lib\site-packages\sklearn\metrics\_classification.py:1561: UserWarning: Note that pos_label (set to 'p') is ignored when average != 'binary' (got 'weighted'). You may use labels=[pos_label] to specify a single positive class.
  warnings.warn(

2026-10-02 11:01:28,241:WARNING:c:\school\AI\Deep Learning\Cloud_AI\CloudAI-Challenge\.venv\Lib\site-packages\sklearn\metrics\_classification.py:1561: UserWarning: Note that pos_label (set to 'p') is ignored when average != 'binary' (got 'weighted'). You may use labels=[pos_label] to specify a single positive class.
  warnings.warn(

2026-10-02 11:01:28,241:WARNING:c:\school\AI\Deep Learning\Cloud_AI\CloudAI-Challenge\.venv\Lib\site-packages\sklearn\metrics\_classification.py:1561: UserWarning: Note that pos_label (set to 'p') is ignored when average != 'binary' (got 'weighted'). You may use labels=[pos_label] to specify a single positive class.
  warnings.warn(

2026-10-02 11:01:28,241:WARNING:c:\school\AI\Deep Learning\Cloud_AI\CloudAI-Challenge\.venv\Lib\site-packages\sklearn\metrics\_classification.py:1561: UserWarning: Note that pos_label (set to 'p') is ignored when average != 'binary' (got 'weighted'). You may use labels=[pos_label] to specify a single positive class.
  warnings.warn(

2026-10-02 11:01:28,242:WARNING:c:\school\AI\Deep Learning\Cloud_AI\CloudAI-Challenge\.venv\Lib\site-packages\sklearn\metrics\_classification.py:1561: UserWarning: Note that pos_label (set to 'p') is ignored when average != 'binary' (got 'weighted'). You may use labels=[pos_label] to specify a single positive class.
  warnings.warn(

2026-10-02 11:01:28,244:WARNING:c:\school\AI\Deep Learning\Cloud_AI\CloudAI-Challenge\.venv\Lib\site-packages\sklearn\metrics\_classification.py:1561: UserWarning: Note that pos_label (set to 'p') is ignored when average != 'binary' (got 'weighted'). You may use labels=[pos_label] to specify a single positive class.
  warnings.warn(

2026-10-02 11:01:28,244:WARNING:c:\school\AI\Deep Learning\Cloud_AI\CloudAI-Challenge\.venv\Lib\site-packages\sklearn\metrics\_classification.py:1561: UserWarning: Note that pos_label (set to 'p') is ignored when average != 'binary' (got 'weighted'). You may use labels=[pos_label] to specify a single positive class.
  warnings.warn(

2026-10-02 11:01:28,245:WARNING:c:\school\AI\Deep Learning\Cloud_AI\CloudAI-Challenge\.venv\Lib\site-packages\sklearn\metrics\_classification.py:1561: UserWarning: Note that pos_label (set to 'p') is ignored when average != 'binary' (got 'weighted'). You may use labels=[pos_label] to specify a single positive class.
  warnings.warn(

2026-10-02 11:01:28,245:WARNING:c:\school\AI\Deep Learning\Cloud_AI\CloudAI-Challenge\.venv\Lib\site-packages\sklearn\metrics\_classification.py:1561: UserWarning: Note that pos_label (set to 'p') is ignored when average != 'binary' (got 'weighted'). You may use labels=[pos_label] to specify a single positive class.
  warnings.warn(

2026-10-02 11:01:28,246:WARNING:c:\school\AI\Deep Learning\Cloud_AI\CloudAI-Challenge\.venv\Lib\site-packages\sklearn\metrics\_classification.py:1561: UserWarning: Note that pos_label (set to 'p') is ignored when average != 'binary' (got 'weighted'). You may use labels=[pos_label] to specify a single positive class.
  warnings.warn(

2026-10-02 11:01:28,247:WARNING:c:\school\AI\Deep Learning\Cloud_AI\CloudAI-Challenge\.venv\Lib\site-packages\sklearn\metrics\_classification.py:1561: UserWarning: Note that pos_label (set to 'p') is ignored when average != 'binary' (got 'weighted'). You may use labels=[pos_label] to specify a single positive class.
  warnings.warn(

2026-10-02 11:01:28,248:WARNING:c:\school\AI\Deep Learning\Cloud_AI\CloudAI-Challenge\.venv\Lib\site-packages\sklearn\metrics\_classification.py:1561: UserWarning: Note that pos_label (set to 'p') is ignored when average != 'binary' (got 'weighted'). You may use labels=[pos_label] to specify a single positive class.
  warnings.warn(

2026-10-02 11:01:28,251:WARNING:c:\school\AI\Deep Learning\Cloud_AI\CloudAI-Challenge\.venv\Lib\site-packages\sklearn\metrics\_classification.py:1561: UserWarning: Note that pos_label (set to 'p') is ignored when average != 'binary' (got 'weighted'). You may use labels=[pos_label] to specify a single positive class.
  warnings.warn(

2026-10-02 11:01:28,269:INFO:Calculating mean and std
2026-10-02 11:01:28,270:INFO:Creating metrics dataframe
2026-10-02 11:01:28,272:INFO:Uploading results into container
2026-10-02 11:01:28,273:INFO:Uploading model into container now
2026-10-02 11:01:28,273:INFO:_master_model_container: 6
2026-10-02 11:01:28,273:INFO:_display_container: 2
2026-10-02 11:01:28,274:INFO:RidgeClassifier(alpha=1.0, class_weight=None, copy_X=True, fit_intercept=True,
                max_iter=None, positive=False, random_state=42, solver='auto',
                tol=0.0001)
2026-10-02 11:01:28,274:INFO:create_model() successfully completed......................................
2026-10-02 11:01:28,354:INFO:SubProcess create_model() end ==================================
2026-10-02 11:01:28,354:INFO:Creating metrics dataframe
2026-10-02 11:01:28,361:INFO:Initializing Random Forest Classifier
2026-10-02 11:01:28,362:INFO:Total runtime is 0.20272171099980668 minutes
2026-10-02 11:01:28,365:INFO:SubProcess create_model() called ==================================
2026-10-02 11:01:28,365:INFO:Initializing create_model()
2026-10-02 11:01:28,365:INFO:create_model(self=<pycaret.classification.oop.ClassificationExperiment object at 0x000001C15CDBFCD0>, estimator=rf, fold=StratifiedKFold(n_splits=10, random_state=None, shuffle=False), round=4, cross_validation=True, predict=True, fit_kwargs={}, groups=None, refit=False, probability_threshold=None, experiment_custom_tags=None, verbose=False, system=False, add_to_model_list=True, metrics=None, display=<pycaret.internal.display.display.CommonDisplay object at 0x000001C15CEA2FD0>, model_only=True, return_train_score=False, error_score=0.0, kwargs={})
2026-10-02 11:01:28,365:INFO:Checking exceptions
2026-10-02 11:01:28,365:INFO:Importing libraries
2026-10-02 11:01:28,365:INFO:Copying training dataset
2026-10-02 11:01:28,369:INFO:Defining folds
2026-10-02 11:01:28,369:INFO:Declaring metric variables
2026-10-02 11:01:28,371:INFO:Importing untrained model
2026-10-02 11:01:28,375:INFO:Random Forest Classifier Imported successfully
2026-10-02 11:01:28,382:INFO:Starting cross validation
2026-10-02 11:01:28,386:INFO:Cross validating with StratifiedKFold(n_splits=10, random_state=None, shuffle=False), n_jobs=-1
2026-10-02 11:01:29,345:WARNING:c:\school\AI\Deep Learning\Cloud_AI\CloudAI-Challenge\.venv\Lib\site-packages\sklearn\metrics\_classification.py:1561: UserWarning: Note that pos_label (set to 'p') is ignored when average != 'binary' (got 'weighted'). You may use labels=[pos_label] to specify a single positive class.
  warnings.warn(

2026-10-02 11:01:29,351:WARNING:c:\school\AI\Deep Learning\Cloud_AI\CloudAI-Challenge\.venv\Lib\site-packages\sklearn\metrics\_classification.py:1561: UserWarning: Note that pos_label (set to 'p') is ignored when average != 'binary' (got 'weighted'). You may use labels=[pos_label] to specify a single positive class.
  warnings.warn(

2026-10-02 11:01:29,352:WARNING:c:\school\AI\Deep Learning\Cloud_AI\CloudAI-Challenge\.venv\Lib\site-packages\sklearn\metrics\_classification.py:1561: UserWarning: Note that pos_label (set to 'p') is ignored when average != 'binary' (got 'weighted'). You may use labels=[pos_label] to specify a single positive class.
  warnings.warn(

2026-10-02 11:01:29,353:WARNING:c:\school\AI\Deep Learning\Cloud_AI\CloudAI-Challenge\.venv\Lib\site-packages\sklearn\metrics\_classification.py:1561: UserWarning: Note that pos_label (set to 'p') is ignored when average != 'binary' (got 'weighted'). You may use labels=[pos_label] to specify a single positive class.
  warnings.warn(

2026-10-02 11:01:29,357:WARNING:c:\school\AI\Deep Learning\Cloud_AI\CloudAI-Challenge\.venv\Lib\site-packages\sklearn\metrics\_classification.py:1561: UserWarning: Note that pos_label (set to 'p') is ignored when average != 'binary' (got 'weighted'). You may use labels=[pos_label] to specify a single positive class.
  warnings.warn(

2026-10-02 11:01:29,359:WARNING:c:\school\AI\Deep Learning\Cloud_AI\CloudAI-Challenge\.venv\Lib\site-packages\sklearn\metrics\_classification.py:1561: UserWarning: Note that pos_label (set to 'p') is ignored when average != 'binary' (got 'weighted'). You may use labels=[pos_label] to specify a single positive class.
  warnings.warn(

2026-10-02 11:01:29,365:WARNING:c:\school\AI\Deep Learning\Cloud_AI\CloudAI-Challenge\.venv\Lib\site-packages\sklearn\metrics\_classification.py:1561: UserWarning: Note that pos_label (set to 'p') is ignored when average != 'binary' (got 'weighted'). You may use labels=[pos_label] to specify a single positive class.
  warnings.warn(

2026-10-02 11:01:29,367:WARNING:c:\school\AI\Deep Learning\Cloud_AI\CloudAI-Challenge\.venv\Lib\site-packages\sklearn\metrics\_classification.py:1561: UserWarning: Note that pos_label (set to 'p') is ignored when average != 'binary' (got 'weighted'). You may use labels=[pos_label] to specify a single positive class.
  warnings.warn(

2026-10-02 11:01:29,378:WARNING:c:\school\AI\Deep Learning\Cloud_AI\CloudAI-Challenge\.venv\Lib\site-packages\sklearn\metrics\_classification.py:1561: UserWarning: Note that pos_label (set to 'p') is ignored when average != 'binary' (got 'weighted'). You may use labels=[pos_label] to specify a single positive class.
  warnings.warn(

2026-10-02 11:01:29,379:WARNING:c:\school\AI\Deep Learning\Cloud_AI\CloudAI-Challenge\.venv\Lib\site-packages\sklearn\metrics\_classification.py:1561: UserWarning: Note that pos_label (set to 'p') is ignored when average != 'binary' (got 'weighted'). You may use labels=[pos_label] to specify a single positive class.
  warnings.warn(

2026-10-02 11:01:29,384:WARNING:c:\school\AI\Deep Learning\Cloud_AI\CloudAI-Challenge\.venv\Lib\site-packages\sklearn\metrics\_classification.py:1561: UserWarning: Note that pos_label (set to 'p') is ignored when average != 'binary' (got 'weighted'). You may use labels=[pos_label] to specify a single positive class.
  warnings.warn(

2026-10-02 11:01:29,392:WARNING:c:\school\AI\Deep Learning\Cloud_AI\CloudAI-Challenge\.venv\Lib\site-packages\sklearn\metrics\_classification.py:1561: UserWarning: Note that pos_label (set to 'p') is ignored when average != 'binary' (got 'weighted'). You may use labels=[pos_label] to specify a single positive class.
  warnings.warn(

2026-10-02 11:01:29,392:WARNING:c:\school\AI\Deep Learning\Cloud_AI\CloudAI-Challenge\.venv\Lib\site-packages\sklearn\metrics\_classification.py:1561: UserWarning: Note that pos_label (set to 'p') is ignored when average != 'binary' (got 'weighted'). You may use labels=[pos_label] to specify a single positive class.
  warnings.warn(

2026-10-02 11:01:29,398:WARNING:c:\school\AI\Deep Learning\Cloud_AI\CloudAI-Challenge\.venv\Lib\site-packages\sklearn\metrics\_classification.py:1561: UserWarning: Note that pos_label (set to 'p') is ignored when average != 'binary' (got 'weighted'). You may use labels=[pos_label] to specify a single positive class.
  warnings.warn(

2026-10-02 11:01:29,405:WARNING:c:\school\AI\Deep Learning\Cloud_AI\CloudAI-Challenge\.venv\Lib\site-packages\sklearn\metrics\_classification.py:1561: UserWarning: Note that pos_label (set to 'p') is ignored when average != 'binary' (got 'weighted'). You may use labels=[pos_label] to specify a single positive class.
  warnings.warn(

2026-10-02 11:01:29,405:WARNING:c:\school\AI\Deep Learning\Cloud_AI\CloudAI-Challenge\.venv\Lib\site-packages\sklearn\metrics\_classification.py:1561: UserWarning: Note that pos_label (set to 'p') is ignored when average != 'binary' (got 'weighted'). You may use labels=[pos_label] to specify a single positive class.
  warnings.warn(

2026-10-02 11:01:29,405:WARNING:c:\school\AI\Deep Learning\Cloud_AI\CloudAI-Challenge\.venv\Lib\site-packages\sklearn\metrics\_classification.py:1561: UserWarning: Note that pos_label (set to 'p') is ignored when average != 'binary' (got 'weighted'). You may use labels=[pos_label] to specify a single positive class.
  warnings.warn(

2026-10-02 11:01:29,411:WARNING:c:\school\AI\Deep Learning\Cloud_AI\CloudAI-Challenge\.venv\Lib\site-packages\sklearn\metrics\_classification.py:1561: UserWarning: Note that pos_label (set to 'p') is ignored when average != 'binary' (got 'weighted'). You may use labels=[pos_label] to specify a single positive class.
  warnings.warn(

2026-10-02 11:01:29,411:WARNING:c:\school\AI\Deep Learning\Cloud_AI\CloudAI-Challenge\.venv\Lib\site-packages\sklearn\metrics\_classification.py:1561: UserWarning: Note that pos_label (set to 'p') is ignored when average != 'binary' (got 'weighted'). You may use labels=[pos_label] to specify a single positive class.
  warnings.warn(

2026-10-02 11:01:29,415:WARNING:c:\school\AI\Deep Learning\Cloud_AI\CloudAI-Challenge\.venv\Lib\site-packages\sklearn\metrics\_classification.py:1561: UserWarning: Note that pos_label (set to 'p') is ignored when average != 'binary' (got 'weighted'). You may use labels=[pos_label] to specify a single positive class.
  warnings.warn(

2026-10-02 11:01:29,419:WARNING:c:\school\AI\Deep Learning\Cloud_AI\CloudAI-Challenge\.venv\Lib\site-packages\sklearn\metrics\_classification.py:1561: UserWarning: Note that pos_label (set to 'p') is ignored when average != 'binary' (got 'weighted'). You may use labels=[pos_label] to specify a single positive class.
  warnings.warn(

2026-10-02 11:01:29,432:WARNING:c:\school\AI\Deep Learning\Cloud_AI\CloudAI-Challenge\.venv\Lib\site-packages\sklearn\metrics\_classification.py:1561: UserWarning: Note that pos_label (set to 'p') is ignored when average != 'binary' (got 'weighted'). You may use labels=[pos_label] to specify a single positive class.
  warnings.warn(

2026-10-02 11:01:29,436:WARNING:c:\school\AI\Deep Learning\Cloud_AI\CloudAI-Challenge\.venv\Lib\site-packages\sklearn\metrics\_classification.py:1561: UserWarning: Note that pos_label (set to 'p') is ignored when average != 'binary' (got 'weighted'). You may use labels=[pos_label] to specify a single positive class.
  warnings.warn(

2026-10-02 11:01:29,440:WARNING:c:\school\AI\Deep Learning\Cloud_AI\CloudAI-Challenge\.venv\Lib\site-packages\sklearn\metrics\_classification.py:1561: UserWarning: Note that pos_label (set to 'p') is ignored when average != 'binary' (got 'weighted'). You may use labels=[pos_label] to specify a single positive class.
  warnings.warn(

2026-10-02 11:01:29,475:WARNING:c:\school\AI\Deep Learning\Cloud_AI\CloudAI-Challenge\.venv\Lib\site-packages\sklearn\metrics\_classification.py:1561: UserWarning: Note that pos_label (set to 'p') is ignored when average != 'binary' (got 'weighted'). You may use labels=[pos_label] to specify a single positive class.
  warnings.warn(

2026-10-02 11:01:29,479:WARNING:c:\school\AI\Deep Learning\Cloud_AI\CloudAI-Challenge\.venv\Lib\site-packages\sklearn\metrics\_classification.py:1561: UserWarning: Note that pos_label (set to 'p') is ignored when average != 'binary' (got 'weighted'). You may use labels=[pos_label] to specify a single positive class.
  warnings.warn(

2026-10-02 11:01:29,482:WARNING:c:\school\AI\Deep Learning\Cloud_AI\CloudAI-Challenge\.venv\Lib\site-packages\sklearn\metrics\_classification.py:1561: UserWarning: Note that pos_label (set to 'p') is ignored when average != 'binary' (got 'weighted'). You may use labels=[pos_label] to specify a single positive class.
  warnings.warn(

2026-10-02 11:01:29,529:WARNING:c:\school\AI\Deep Learning\Cloud_AI\CloudAI-Challenge\.venv\Lib\site-packages\sklearn\metrics\_classification.py:1561: UserWarning: Note that pos_label (set to 'p') is ignored when average != 'binary' (got 'weighted'). You may use labels=[pos_label] to specify a single positive class.
  warnings.warn(

2026-10-02 11:01:29,532:WARNING:c:\school\AI\Deep Learning\Cloud_AI\CloudAI-Challenge\.venv\Lib\site-packages\sklearn\metrics\_classification.py:1561: UserWarning: Note that pos_label (set to 'p') is ignored when average != 'binary' (got 'weighted'). You may use labels=[pos_label] to specify a single positive class.
  warnings.warn(

2026-10-02 11:01:29,535:WARNING:c:\school\AI\Deep Learning\Cloud_AI\CloudAI-Challenge\.venv\Lib\site-packages\sklearn\metrics\_classification.py:1561: UserWarning: Note that pos_label (set to 'p') is ignored when average != 'binary' (got 'weighted'). You may use labels=[pos_label] to specify a single positive class.
  warnings.warn(

2026-10-02 11:01:29,548:INFO:Calculating mean and std
2026-10-02 11:01:29,548:INFO:Creating metrics dataframe
2026-10-02 11:01:29,551:INFO:Uploading results into container
2026-10-02 11:01:29,552:INFO:Uploading model into container now
2026-10-02 11:01:29,552:INFO:_master_model_container: 7
2026-10-02 11:01:29,552:INFO:_display_container: 2
2026-10-02 11:01:29,553:INFO:RandomForestClassifier(bootstrap=True, ccp_alpha=0.0, class_weight=None,
                       criterion='gini', max_depth=None, max_features='sqrt',
                       max_leaf_nodes=None, max_samples=None,
                       min_impurity_decrease=0.0, min_samples_leaf=1,
                       min_samples_split=2, min_weight_fraction_leaf=0.0,
                       monotonic_cst=None, n_estimators=100, n_jobs=-1,
                       oob_score=False, random_state=42, verbose=0,
                       warm_start=False)
2026-10-02 11:01:29,553:INFO:create_model() successfully completed......................................
2026-10-02 11:01:29,644:INFO:SubProcess create_model() end ==================================
2026-10-02 11:01:29,645:INFO:Creating metrics dataframe
2026-10-02 11:01:29,663:INFO:Initializing Quadratic Discriminant Analysis
2026-10-02 11:01:29,663:INFO:Total runtime is 0.22440220117568965 minutes
2026-10-02 11:01:29,668:INFO:SubProcess create_model() called ==================================
2026-10-02 11:01:29,669:INFO:Initializing create_model()
2026-10-02 11:01:29,669:INFO:create_model(self=<pycaret.classification.oop.ClassificationExperiment object at 0x000001C15CDBFCD0>, estimator=qda, fold=StratifiedKFold(n_splits=10, random_state=None, shuffle=False), round=4, cross_validation=True, predict=True, fit_kwargs={}, groups=None, refit=False, probability_threshold=None, experiment_custom_tags=None, verbose=False, system=False, add_to_model_list=True, metrics=None, display=<pycaret.internal.display.display.CommonDisplay object at 0x000001C15CEA2FD0>, model_only=True, return_train_score=False, error_score=0.0, kwargs={})
2026-10-02 11:01:29,669:INFO:Checking exceptions
2026-10-02 11:01:29,669:INFO:Importing libraries
2026-10-02 11:01:29,669:INFO:Copying training dataset
2026-10-02 11:01:29,675:INFO:Defining folds
2026-10-02 11:01:29,675:INFO:Declaring metric variables
2026-10-02 11:01:29,677:INFO:Importing untrained model
2026-10-02 11:01:29,682:INFO:Quadratic Discriminant Analysis Imported successfully
2026-10-02 11:01:29,691:INFO:Starting cross validation
2026-10-02 11:01:29,695:INFO:Cross validating with StratifiedKFold(n_splits=10, random_state=None, shuffle=False), n_jobs=-1
2026-10-02 11:01:29,933:WARNING:c:\school\AI\Deep Learning\Cloud_AI\CloudAI-Challenge\.venv\Lib\site-packages\sklearn\discriminant_analysis.py:935: UserWarning: Variables are collinear
  warnings.warn("Variables are collinear")

2026-10-02 11:01:29,933:WARNING:c:\school\AI\Deep Learning\Cloud_AI\CloudAI-Challenge\.venv\Lib\site-packages\sklearn\discriminant_analysis.py:935: UserWarning: Variables are collinear
  warnings.warn("Variables are collinear")

2026-10-02 11:01:29,939:WARNING:c:\school\AI\Deep Learning\Cloud_AI\CloudAI-Challenge\.venv\Lib\site-packages\sklearn\discriminant_analysis.py:935: UserWarning: Variables are collinear
  warnings.warn("Variables are collinear")

2026-10-02 11:01:29,940:WARNING:c:\school\AI\Deep Learning\Cloud_AI\CloudAI-Challenge\.venv\Lib\site-packages\sklearn\discriminant_analysis.py:935: UserWarning: Variables are collinear
  warnings.warn("Variables are collinear")

2026-10-02 11:01:29,946:WARNING:c:\school\AI\Deep Learning\Cloud_AI\CloudAI-Challenge\.venv\Lib\site-packages\sklearn\discriminant_analysis.py:935: UserWarning: Variables are collinear
  warnings.warn("Variables are collinear")

2026-10-02 11:01:29,947:WARNING:c:\school\AI\Deep Learning\Cloud_AI\CloudAI-Challenge\.venv\Lib\site-packages\sklearn\discriminant_analysis.py:935: UserWarning: Variables are collinear
  warnings.warn("Variables are collinear")

2026-10-02 11:01:29,951:WARNING:c:\school\AI\Deep Learning\Cloud_AI\CloudAI-Challenge\.venv\Lib\site-packages\sklearn\discriminant_analysis.py:935: UserWarning: Variables are collinear
  warnings.warn("Variables are collinear")

2026-10-02 11:01:29,958:WARNING:c:\school\AI\Deep Learning\Cloud_AI\CloudAI-Challenge\.venv\Lib\site-packages\sklearn\discriminant_analysis.py:935: UserWarning: Variables are collinear
  warnings.warn("Variables are collinear")

2026-10-02 11:01:29,970:WARNING:c:\school\AI\Deep Learning\Cloud_AI\CloudAI-Challenge\.venv\Lib\site-packages\sklearn\discriminant_analysis.py:935: UserWarning: Variables are collinear
  warnings.warn("Variables are collinear")

2026-10-02 11:01:29,993:WARNING:c:\school\AI\Deep Learning\Cloud_AI\CloudAI-Challenge\.venv\Lib\site-packages\sklearn\metrics\_classification.py:1561: UserWarning: Note that pos_label (set to 'p') is ignored when average != 'binary' (got 'weighted'). You may use labels=[pos_label] to specify a single positive class.
  warnings.warn(

2026-10-02 11:01:29,994:WARNING:c:\school\AI\Deep Learning\Cloud_AI\CloudAI-Challenge\.venv\Lib\site-packages\sklearn\metrics\_classification.py:1561: UserWarning: Note that pos_label (set to 'p') is ignored when average != 'binary' (got 'weighted'). You may use labels=[pos_label] to specify a single positive class.
  warnings.warn(

2026-10-02 11:01:29,996:WARNING:c:\school\AI\Deep Learning\Cloud_AI\CloudAI-Challenge\.venv\Lib\site-packages\sklearn\metrics\_classification.py:1561: UserWarning: Note that pos_label (set to 'p') is ignored when average != 'binary' (got 'weighted'). You may use labels=[pos_label] to specify a single positive class.
  warnings.warn(

2026-10-02 11:01:29,999:WARNING:c:\school\AI\Deep Learning\Cloud_AI\CloudAI-Challenge\.venv\Lib\site-packages\sklearn\metrics\_classification.py:1561: UserWarning: Note that pos_label (set to 'p') is ignored when average != 'binary' (got 'weighted'). You may use labels=[pos_label] to specify a single positive class.
  warnings.warn(

2026-10-02 11:01:30,000:WARNING:c:\school\AI\Deep Learning\Cloud_AI\CloudAI-Challenge\.venv\Lib\site-packages\sklearn\metrics\_classification.py:1561: UserWarning: Note that pos_label (set to 'p') is ignored when average != 'binary' (got 'weighted'). You may use labels=[pos_label] to specify a single positive class.
  warnings.warn(

2026-10-02 11:01:30,001:WARNING:c:\school\AI\Deep Learning\Cloud_AI\CloudAI-Challenge\.venv\Lib\site-packages\sklearn\metrics\_classification.py:1561: UserWarning: Note that pos_label (set to 'p') is ignored when average != 'binary' (got 'weighted'). You may use labels=[pos_label] to specify a single positive class.
  warnings.warn(

2026-10-02 11:01:30,002:WARNING:c:\school\AI\Deep Learning\Cloud_AI\CloudAI-Challenge\.venv\Lib\site-packages\sklearn\metrics\_classification.py:1561: UserWarning: Note that pos_label (set to 'p') is ignored when average != 'binary' (got 'weighted'). You may use labels=[pos_label] to specify a single positive class.
  warnings.warn(

2026-10-02 11:01:30,002:WARNING:c:\school\AI\Deep Learning\Cloud_AI\CloudAI-Challenge\.venv\Lib\site-packages\sklearn\metrics\_classification.py:1561: UserWarning: Note that pos_label (set to 'p') is ignored when average != 'binary' (got 'weighted'). You may use labels=[pos_label] to specify a single positive class.
  warnings.warn(

2026-10-02 11:01:30,004:WARNING:c:\school\AI\Deep Learning\Cloud_AI\CloudAI-Challenge\.venv\Lib\site-packages\sklearn\metrics\_classification.py:1561: UserWarning: Note that pos_label (set to 'p') is ignored when average != 'binary' (got 'weighted'). You may use labels=[pos_label] to specify a single positive class.
  warnings.warn(

2026-10-02 11:01:30,005:WARNING:c:\school\AI\Deep Learning\Cloud_AI\CloudAI-Challenge\.venv\Lib\site-packages\sklearn\metrics\_classification.py:1561: UserWarning: Note that pos_label (set to 'p') is ignored when average != 'binary' (got 'weighted'). You may use labels=[pos_label] to specify a single positive class.
  warnings.warn(

2026-10-02 11:01:30,005:WARNING:c:\school\AI\Deep Learning\Cloud_AI\CloudAI-Challenge\.venv\Lib\site-packages\sklearn\metrics\_classification.py:1561: UserWarning: Note that pos_label (set to 'p') is ignored when average != 'binary' (got 'weighted'). You may use labels=[pos_label] to specify a single positive class.
  warnings.warn(

2026-10-02 11:01:30,005:WARNING:c:\school\AI\Deep Learning\Cloud_AI\CloudAI-Challenge\.venv\Lib\site-packages\sklearn\metrics\_classification.py:1561: UserWarning: Note that pos_label (set to 'p') is ignored when average != 'binary' (got 'weighted'). You may use labels=[pos_label] to specify a single positive class.
  warnings.warn(

2026-10-02 11:01:30,006:WARNING:c:\school\AI\Deep Learning\Cloud_AI\CloudAI-Challenge\.venv\Lib\site-packages\sklearn\metrics\_classification.py:1561: UserWarning: Note that pos_label (set to 'p') is ignored when average != 'binary' (got 'weighted'). You may use labels=[pos_label] to specify a single positive class.
  warnings.warn(

2026-10-02 11:01:30,007:WARNING:c:\school\AI\Deep Learning\Cloud_AI\CloudAI-Challenge\.venv\Lib\site-packages\sklearn\metrics\_classification.py:1561: UserWarning: Note that pos_label (set to 'p') is ignored when average != 'binary' (got 'weighted'). You may use labels=[pos_label] to specify a single positive class.
  warnings.warn(

2026-10-02 11:01:30,008:WARNING:c:\school\AI\Deep Learning\Cloud_AI\CloudAI-Challenge\.venv\Lib\site-packages\sklearn\metrics\_classification.py:1561: UserWarning: Note that pos_label (set to 'p') is ignored when average != 'binary' (got 'weighted'). You may use labels=[pos_label] to specify a single positive class.
  warnings.warn(

2026-10-02 11:01:30,008:WARNING:c:\school\AI\Deep Learning\Cloud_AI\CloudAI-Challenge\.venv\Lib\site-packages\sklearn\metrics\_classification.py:1561: UserWarning: Note that pos_label (set to 'p') is ignored when average != 'binary' (got 'weighted'). You may use labels=[pos_label] to specify a single positive class.
  warnings.warn(

2026-10-02 11:01:30,009:WARNING:c:\school\AI\Deep Learning\Cloud_AI\CloudAI-Challenge\.venv\Lib\site-packages\sklearn\metrics\_classification.py:1561: UserWarning: Note that pos_label (set to 'p') is ignored when average != 'binary' (got 'weighted'). You may use labels=[pos_label] to specify a single positive class.
  warnings.warn(

2026-10-02 11:01:30,010:WARNING:c:\school\AI\Deep Learning\Cloud_AI\CloudAI-Challenge\.venv\Lib\site-packages\sklearn\metrics\_classification.py:1561: UserWarning: Note that pos_label (set to 'p') is ignored when average != 'binary' (got 'weighted'). You may use labels=[pos_label] to specify a single positive class.
  warnings.warn(

2026-10-02 11:01:30,011:WARNING:c:\school\AI\Deep Learning\Cloud_AI\CloudAI-Challenge\.venv\Lib\site-packages\sklearn\metrics\_classification.py:1561: UserWarning: Note that pos_label (set to 'p') is ignored when average != 'binary' (got 'weighted'). You may use labels=[pos_label] to specify a single positive class.
  warnings.warn(

2026-10-02 11:01:30,012:WARNING:c:\school\AI\Deep Learning\Cloud_AI\CloudAI-Challenge\.venv\Lib\site-packages\sklearn\metrics\_classification.py:1561: UserWarning: Note that pos_label (set to 'p') is ignored when average != 'binary' (got 'weighted'). You may use labels=[pos_label] to specify a single positive class.
  warnings.warn(

2026-10-02 11:01:30,014:WARNING:c:\school\AI\Deep Learning\Cloud_AI\CloudAI-Challenge\.venv\Lib\site-packages\sklearn\metrics\_classification.py:1561: UserWarning: Note that pos_label (set to 'p') is ignored when average != 'binary' (got 'weighted'). You may use labels=[pos_label] to specify a single positive class.
  warnings.warn(

2026-10-02 11:01:30,014:WARNING:c:\school\AI\Deep Learning\Cloud_AI\CloudAI-Challenge\.venv\Lib\site-packages\sklearn\metrics\_classification.py:1561: UserWarning: Note that pos_label (set to 'p') is ignored when average != 'binary' (got 'weighted'). You may use labels=[pos_label] to specify a single positive class.
  warnings.warn(

2026-10-02 11:01:30,015:WARNING:c:\school\AI\Deep Learning\Cloud_AI\CloudAI-Challenge\.venv\Lib\site-packages\sklearn\metrics\_classification.py:1561: UserWarning: Note that pos_label (set to 'p') is ignored when average != 'binary' (got 'weighted'). You may use labels=[pos_label] to specify a single positive class.
  warnings.warn(

2026-10-02 11:01:30,016:WARNING:c:\school\AI\Deep Learning\Cloud_AI\CloudAI-Challenge\.venv\Lib\site-packages\sklearn\metrics\_classification.py:1561: UserWarning: Note that pos_label (set to 'p') is ignored when average != 'binary' (got 'weighted'). You may use labels=[pos_label] to specify a single positive class.
  warnings.warn(

2026-10-02 11:01:30,017:WARNING:c:\school\AI\Deep Learning\Cloud_AI\CloudAI-Challenge\.venv\Lib\site-packages\sklearn\metrics\_classification.py:1561: UserWarning: Note that pos_label (set to 'p') is ignored when average != 'binary' (got 'weighted'). You may use labels=[pos_label] to specify a single positive class.
  warnings.warn(

2026-10-02 11:01:30,019:WARNING:c:\school\AI\Deep Learning\Cloud_AI\CloudAI-Challenge\.venv\Lib\site-packages\sklearn\metrics\_classification.py:1561: UserWarning: Note that pos_label (set to 'p') is ignored when average != 'binary' (got 'weighted'). You may use labels=[pos_label] to specify a single positive class.
  warnings.warn(

2026-10-02 11:01:30,026:WARNING:c:\school\AI\Deep Learning\Cloud_AI\CloudAI-Challenge\.venv\Lib\site-packages\sklearn\metrics\_classification.py:1561: UserWarning: Note that pos_label (set to 'p') is ignored when average != 'binary' (got 'weighted'). You may use labels=[pos_label] to specify a single positive class.
  warnings.warn(

2026-10-02 11:01:30,029:WARNING:c:\school\AI\Deep Learning\Cloud_AI\CloudAI-Challenge\.venv\Lib\site-packages\sklearn\metrics\_classification.py:1561: UserWarning: Note that pos_label (set to 'p') is ignored when average != 'binary' (got 'weighted'). You may use labels=[pos_label] to specify a single positive class.
  warnings.warn(

2026-10-02 11:01:30,032:WARNING:c:\school\AI\Deep Learning\Cloud_AI\CloudAI-Challenge\.venv\Lib\site-packages\sklearn\metrics\_classification.py:1561: UserWarning: Note that pos_label (set to 'p') is ignored when average != 'binary' (got 'weighted'). You may use labels=[pos_label] to specify a single positive class.
  warnings.warn(

2026-10-02 11:01:30,045:INFO:Calculating mean and std
2026-10-02 11:01:30,045:INFO:Creating metrics dataframe
2026-10-02 11:01:30,047:INFO:Uploading results into container
2026-10-02 11:01:30,048:INFO:Uploading model into container now
2026-10-02 11:01:30,048:INFO:_master_model_container: 8
2026-10-02 11:01:30,049:INFO:_display_container: 2
2026-10-02 11:01:30,049:INFO:QuadraticDiscriminantAnalysis(priors=None, reg_param=0.0,
                              store_covariance=False, tol=0.0001)
2026-10-02 11:01:30,049:INFO:create_model() successfully completed......................................
2026-10-02 11:01:30,130:INFO:SubProcess create_model() end ==================================
2026-10-02 11:01:30,130:INFO:Creating metrics dataframe
2026-10-02 11:01:30,137:INFO:Initializing Ada Boost Classifier
2026-10-02 11:01:30,137:INFO:Total runtime is 0.23230757713317868 minutes
2026-10-02 11:01:30,140:INFO:SubProcess create_model() called ==================================
2026-10-02 11:01:30,141:INFO:Initializing create_model()
2026-10-02 11:01:30,141:INFO:create_model(self=<pycaret.classification.oop.ClassificationExperiment object at 0x000001C15CDBFCD0>, estimator=ada, fold=StratifiedKFold(n_splits=10, random_state=None, shuffle=False), round=4, cross_validation=True, predict=True, fit_kwargs={}, groups=None, refit=False, probability_threshold=None, experiment_custom_tags=None, verbose=False, system=False, add_to_model_list=True, metrics=None, display=<pycaret.internal.display.display.CommonDisplay object at 0x000001C15CEA2FD0>, model_only=True, return_train_score=False, error_score=0.0, kwargs={})
2026-10-02 11:01:30,141:INFO:Checking exceptions
2026-10-02 11:01:30,141:INFO:Importing libraries
2026-10-02 11:01:30,141:INFO:Copying training dataset
2026-10-02 11:01:30,144:INFO:Defining folds
2026-10-02 11:01:30,144:INFO:Declaring metric variables
2026-10-02 11:01:30,146:INFO:Importing untrained model
2026-10-02 11:01:30,149:INFO:Ada Boost Classifier Imported successfully
2026-10-02 11:01:30,155:INFO:Starting cross validation
2026-10-02 11:01:30,158:INFO:Cross validating with StratifiedKFold(n_splits=10, random_state=None, shuffle=False), n_jobs=-1
2026-10-02 11:01:30,329:WARNING:c:\school\AI\Deep Learning\Cloud_AI\CloudAI-Challenge\.venv\Lib\site-packages\sklearn\ensemble\_weight_boosting.py:519: FutureWarning: The SAMME.R algorithm (the default) is deprecated and will be removed in 1.6. Use the SAMME algorithm to circumvent this warning.
  warnings.warn(

2026-10-02 11:01:30,331:WARNING:c:\school\AI\Deep Learning\Cloud_AI\CloudAI-Challenge\.venv\Lib\site-packages\sklearn\ensemble\_weight_boosting.py:519: FutureWarning: The SAMME.R algorithm (the default) is deprecated and will be removed in 1.6. Use the SAMME algorithm to circumvent this warning.
  warnings.warn(

2026-10-02 11:01:30,339:WARNING:c:\school\AI\Deep Learning\Cloud_AI\CloudAI-Challenge\.venv\Lib\site-packages\sklearn\ensemble\_weight_boosting.py:519: FutureWarning: The SAMME.R algorithm (the default) is deprecated and will be removed in 1.6. Use the SAMME algorithm to circumvent this warning.
  warnings.warn(

2026-10-02 11:01:30,357:WARNING:c:\school\AI\Deep Learning\Cloud_AI\CloudAI-Challenge\.venv\Lib\site-packages\sklearn\ensemble\_weight_boosting.py:519: FutureWarning: The SAMME.R algorithm (the default) is deprecated and will be removed in 1.6. Use the SAMME algorithm to circumvent this warning.
  warnings.warn(

2026-10-02 11:01:30,368:WARNING:c:\school\AI\Deep Learning\Cloud_AI\CloudAI-Challenge\.venv\Lib\site-packages\sklearn\ensemble\_weight_boosting.py:519: FutureWarning: The SAMME.R algorithm (the default) is deprecated and will be removed in 1.6. Use the SAMME algorithm to circumvent this warning.
  warnings.warn(

2026-10-02 11:01:30,371:WARNING:c:\school\AI\Deep Learning\Cloud_AI\CloudAI-Challenge\.venv\Lib\site-packages\sklearn\ensemble\_weight_boosting.py:519: FutureWarning: The SAMME.R algorithm (the default) is deprecated and will be removed in 1.6. Use the SAMME algorithm to circumvent this warning.
  warnings.warn(

2026-10-02 11:01:30,376:WARNING:c:\school\AI\Deep Learning\Cloud_AI\CloudAI-Challenge\.venv\Lib\site-packages\sklearn\ensemble\_weight_boosting.py:519: FutureWarning: The SAMME.R algorithm (the default) is deprecated and will be removed in 1.6. Use the SAMME algorithm to circumvent this warning.
  warnings.warn(

2026-10-02 11:01:30,377:WARNING:c:\school\AI\Deep Learning\Cloud_AI\CloudAI-Challenge\.venv\Lib\site-packages\sklearn\ensemble\_weight_boosting.py:519: FutureWarning: The SAMME.R algorithm (the default) is deprecated and will be removed in 1.6. Use the SAMME algorithm to circumvent this warning.
  warnings.warn(

2026-10-02 11:01:30,385:WARNING:c:\school\AI\Deep Learning\Cloud_AI\CloudAI-Challenge\.venv\Lib\site-packages\sklearn\ensemble\_weight_boosting.py:519: FutureWarning: The SAMME.R algorithm (the default) is deprecated and will be removed in 1.6. Use the SAMME algorithm to circumvent this warning.
  warnings.warn(

2026-10-02 11:01:30,734:WARNING:c:\school\AI\Deep Learning\Cloud_AI\CloudAI-Challenge\.venv\Lib\site-packages\sklearn\metrics\_classification.py:1561: UserWarning: Note that pos_label (set to 'p') is ignored when average != 'binary' (got 'weighted'). You may use labels=[pos_label] to specify a single positive class.
  warnings.warn(

2026-10-02 11:01:30,740:WARNING:c:\school\AI\Deep Learning\Cloud_AI\CloudAI-Challenge\.venv\Lib\site-packages\sklearn\metrics\_classification.py:1561: UserWarning: Note that pos_label (set to 'p') is ignored when average != 'binary' (got 'weighted'). You may use labels=[pos_label] to specify a single positive class.
  warnings.warn(

2026-10-02 11:01:30,740:WARNING:c:\school\AI\Deep Learning\Cloud_AI\CloudAI-Challenge\.venv\Lib\site-packages\sklearn\metrics\_classification.py:1561: UserWarning: Note that pos_label (set to 'p') is ignored when average != 'binary' (got 'weighted'). You may use labels=[pos_label] to specify a single positive class.
  warnings.warn(

2026-10-02 11:01:30,744:WARNING:c:\school\AI\Deep Learning\Cloud_AI\CloudAI-Challenge\.venv\Lib\site-packages\sklearn\metrics\_classification.py:1561: UserWarning: Note that pos_label (set to 'p') is ignored when average != 'binary' (got 'weighted'). You may use labels=[pos_label] to specify a single positive class.
  warnings.warn(

2026-10-02 11:01:30,746:WARNING:c:\school\AI\Deep Learning\Cloud_AI\CloudAI-Challenge\.venv\Lib\site-packages\sklearn\metrics\_classification.py:1561: UserWarning: Note that pos_label (set to 'p') is ignored when average != 'binary' (got 'weighted'). You may use labels=[pos_label] to specify a single positive class.
  warnings.warn(

2026-10-02 11:01:30,752:WARNING:c:\school\AI\Deep Learning\Cloud_AI\CloudAI-Challenge\.venv\Lib\site-packages\sklearn\metrics\_classification.py:1561: UserWarning: Note that pos_label (set to 'p') is ignored when average != 'binary' (got 'weighted'). You may use labels=[pos_label] to specify a single positive class.
  warnings.warn(

2026-10-02 11:01:30,753:WARNING:c:\school\AI\Deep Learning\Cloud_AI\CloudAI-Challenge\.venv\Lib\site-packages\sklearn\metrics\_classification.py:1561: UserWarning: Note that pos_label (set to 'p') is ignored when average != 'binary' (got 'weighted'). You may use labels=[pos_label] to specify a single positive class.
  warnings.warn(

2026-10-02 11:01:30,757:WARNING:c:\school\AI\Deep Learning\Cloud_AI\CloudAI-Challenge\.venv\Lib\site-packages\sklearn\metrics\_classification.py:1561: UserWarning: Note that pos_label (set to 'p') is ignored when average != 'binary' (got 'weighted'). You may use labels=[pos_label] to specify a single positive class.
  warnings.warn(

2026-10-02 11:01:30,760:WARNING:c:\school\AI\Deep Learning\Cloud_AI\CloudAI-Challenge\.venv\Lib\site-packages\sklearn\metrics\_classification.py:1561: UserWarning: Note that pos_label (set to 'p') is ignored when average != 'binary' (got 'weighted'). You may use labels=[pos_label] to specify a single positive class.
  warnings.warn(

2026-10-02 11:01:30,761:WARNING:c:\school\AI\Deep Learning\Cloud_AI\CloudAI-Challenge\.venv\Lib\site-packages\sklearn\metrics\_classification.py:1561: UserWarning: Note that pos_label (set to 'p') is ignored when average != 'binary' (got 'weighted'). You may use labels=[pos_label] to specify a single positive class.
  warnings.warn(

2026-10-02 11:01:30,762:WARNING:c:\school\AI\Deep Learning\Cloud_AI\CloudAI-Challenge\.venv\Lib\site-packages\sklearn\metrics\_classification.py:1561: UserWarning: Note that pos_label (set to 'p') is ignored when average != 'binary' (got 'weighted'). You may use labels=[pos_label] to specify a single positive class.
  warnings.warn(

2026-10-02 11:01:30,764:WARNING:c:\school\AI\Deep Learning\Cloud_AI\CloudAI-Challenge\.venv\Lib\site-packages\sklearn\metrics\_classification.py:1561: UserWarning: Note that pos_label (set to 'p') is ignored when average != 'binary' (got 'weighted'). You may use labels=[pos_label] to specify a single positive class.
  warnings.warn(

2026-10-02 11:01:30,765:WARNING:c:\school\AI\Deep Learning\Cloud_AI\CloudAI-Challenge\.venv\Lib\site-packages\sklearn\metrics\_classification.py:1561: UserWarning: Note that pos_label (set to 'p') is ignored when average != 'binary' (got 'weighted'). You may use labels=[pos_label] to specify a single positive class.
  warnings.warn(

2026-10-02 11:01:30,766:WARNING:c:\school\AI\Deep Learning\Cloud_AI\CloudAI-Challenge\.venv\Lib\site-packages\sklearn\metrics\_classification.py:1561: UserWarning: Note that pos_label (set to 'p') is ignored when average != 'binary' (got 'weighted'). You may use labels=[pos_label] to specify a single positive class.
  warnings.warn(

2026-10-02 11:01:30,766:WARNING:c:\school\AI\Deep Learning\Cloud_AI\CloudAI-Challenge\.venv\Lib\site-packages\sklearn\metrics\_classification.py:1561: UserWarning: Note that pos_label (set to 'p') is ignored when average != 'binary' (got 'weighted'). You may use labels=[pos_label] to specify a single positive class.
  warnings.warn(

2026-10-02 11:01:30,768:WARNING:c:\school\AI\Deep Learning\Cloud_AI\CloudAI-Challenge\.venv\Lib\site-packages\sklearn\metrics\_classification.py:1561: UserWarning: Note that pos_label (set to 'p') is ignored when average != 'binary' (got 'weighted'). You may use labels=[pos_label] to specify a single positive class.
  warnings.warn(

2026-10-02 11:01:30,769:WARNING:c:\school\AI\Deep Learning\Cloud_AI\CloudAI-Challenge\.venv\Lib\site-packages\sklearn\metrics\_classification.py:1561: UserWarning: Note that pos_label (set to 'p') is ignored when average != 'binary' (got 'weighted'). You may use labels=[pos_label] to specify a single positive class.
  warnings.warn(

2026-10-02 11:01:30,769:WARNING:c:\school\AI\Deep Learning\Cloud_AI\CloudAI-Challenge\.venv\Lib\site-packages\sklearn\metrics\_classification.py:1561: UserWarning: Note that pos_label (set to 'p') is ignored when average != 'binary' (got 'weighted'). You may use labels=[pos_label] to specify a single positive class.
  warnings.warn(

2026-10-02 11:01:30,769:WARNING:c:\school\AI\Deep Learning\Cloud_AI\CloudAI-Challenge\.venv\Lib\site-packages\sklearn\metrics\_classification.py:1561: UserWarning: Note that pos_label (set to 'p') is ignored when average != 'binary' (got 'weighted'). You may use labels=[pos_label] to specify a single positive class.
  warnings.warn(

2026-10-02 11:01:30,770:WARNING:c:\school\AI\Deep Learning\Cloud_AI\CloudAI-Challenge\.venv\Lib\site-packages\sklearn\metrics\_classification.py:1561: UserWarning: Note that pos_label (set to 'p') is ignored when average != 'binary' (got 'weighted'). You may use labels=[pos_label] to specify a single positive class.
  warnings.warn(

2026-10-02 11:01:30,772:WARNING:c:\school\AI\Deep Learning\Cloud_AI\CloudAI-Challenge\.venv\Lib\site-packages\sklearn\metrics\_classification.py:1561: UserWarning: Note that pos_label (set to 'p') is ignored when average != 'binary' (got 'weighted'). You may use labels=[pos_label] to specify a single positive class.
  warnings.warn(

2026-10-02 11:01:30,774:WARNING:c:\school\AI\Deep Learning\Cloud_AI\CloudAI-Challenge\.venv\Lib\site-packages\sklearn\metrics\_classification.py:1561: UserWarning: Note that pos_label (set to 'p') is ignored when average != 'binary' (got 'weighted'). You may use labels=[pos_label] to specify a single positive class.
  warnings.warn(

2026-10-02 11:01:30,775:WARNING:c:\school\AI\Deep Learning\Cloud_AI\CloudAI-Challenge\.venv\Lib\site-packages\sklearn\metrics\_classification.py:1561: UserWarning: Note that pos_label (set to 'p') is ignored when average != 'binary' (got 'weighted'). You may use labels=[pos_label] to specify a single positive class.
  warnings.warn(

2026-10-02 11:01:30,777:WARNING:c:\school\AI\Deep Learning\Cloud_AI\CloudAI-Challenge\.venv\Lib\site-packages\sklearn\metrics\_classification.py:1561: UserWarning: Note that pos_label (set to 'p') is ignored when average != 'binary' (got 'weighted'). You may use labels=[pos_label] to specify a single positive class.
  warnings.warn(

2026-10-02 11:01:30,780:WARNING:c:\school\AI\Deep Learning\Cloud_AI\CloudAI-Challenge\.venv\Lib\site-packages\sklearn\metrics\_classification.py:1561: UserWarning: Note that pos_label (set to 'p') is ignored when average != 'binary' (got 'weighted'). You may use labels=[pos_label] to specify a single positive class.
  warnings.warn(

2026-10-02 11:01:30,784:WARNING:c:\school\AI\Deep Learning\Cloud_AI\CloudAI-Challenge\.venv\Lib\site-packages\sklearn\metrics\_classification.py:1561: UserWarning: Note that pos_label (set to 'p') is ignored when average != 'binary' (got 'weighted'). You may use labels=[pos_label] to specify a single positive class.
  warnings.warn(

2026-10-02 11:01:30,786:WARNING:c:\school\AI\Deep Learning\Cloud_AI\CloudAI-Challenge\.venv\Lib\site-packages\sklearn\metrics\_classification.py:1561: UserWarning: Note that pos_label (set to 'p') is ignored when average != 'binary' (got 'weighted'). You may use labels=[pos_label] to specify a single positive class.
  warnings.warn(

2026-10-02 11:01:30,792:INFO:Calculating mean and std
2026-10-02 11:01:30,792:INFO:Creating metrics dataframe
2026-10-02 11:01:30,794:INFO:Uploading results into container
2026-10-02 11:01:30,795:INFO:Uploading model into container now
2026-10-02 11:01:30,795:INFO:_master_model_container: 9
2026-10-02 11:01:30,796:INFO:_display_container: 2
2026-10-02 11:01:30,796:INFO:AdaBoostClassifier(algorithm='SAMME.R', estimator=None, learning_rate=1.0,
                   n_estimators=50, random_state=42)
2026-10-02 11:01:30,796:INFO:create_model() successfully completed......................................
2026-10-02 11:01:30,882:INFO:SubProcess create_model() end ==================================
2026-10-02 11:01:30,882:INFO:Creating metrics dataframe
2026-10-02 11:01:30,891:INFO:Initializing Gradient Boosting Classifier
2026-10-02 11:01:30,891:INFO:Total runtime is 0.24486971696217852 minutes
2026-10-02 11:01:30,895:INFO:SubProcess create_model() called ==================================
2026-10-02 11:01:30,895:INFO:Initializing create_model()
2026-10-02 11:01:30,895:INFO:create_model(self=<pycaret.classification.oop.ClassificationExperiment object at 0x000001C15CDBFCD0>, estimator=gbc, fold=StratifiedKFold(n_splits=10, random_state=None, shuffle=False), round=4, cross_validation=True, predict=True, fit_kwargs={}, groups=None, refit=False, probability_threshold=None, experiment_custom_tags=None, verbose=False, system=False, add_to_model_list=True, metrics=None, display=<pycaret.internal.display.display.CommonDisplay object at 0x000001C15CEA2FD0>, model_only=True, return_train_score=False, error_score=0.0, kwargs={})
2026-10-02 11:01:30,896:INFO:Checking exceptions
2026-10-02 11:01:30,896:INFO:Importing libraries
2026-10-02 11:01:30,896:INFO:Copying training dataset
2026-10-02 11:01:30,899:INFO:Defining folds
2026-10-02 11:01:30,899:INFO:Declaring metric variables
2026-10-02 11:01:30,902:INFO:Importing untrained model
2026-10-02 11:01:30,904:INFO:Gradient Boosting Classifier Imported successfully
2026-10-02 11:01:30,910:INFO:Starting cross validation
2026-10-02 11:01:30,913:INFO:Cross validating with StratifiedKFold(n_splits=10, random_state=None, shuffle=False), n_jobs=-1
2026-10-02 11:01:32,092:WARNING:c:\school\AI\Deep Learning\Cloud_AI\CloudAI-Challenge\.venv\Lib\site-packages\sklearn\metrics\_classification.py:1561: UserWarning: Note that pos_label (set to 'p') is ignored when average != 'binary' (got 'weighted'). You may use labels=[pos_label] to specify a single positive class.
  warnings.warn(

2026-10-02 11:01:32,097:WARNING:c:\school\AI\Deep Learning\Cloud_AI\CloudAI-Challenge\.venv\Lib\site-packages\sklearn\metrics\_classification.py:1561: UserWarning: Note that pos_label (set to 'p') is ignored when average != 'binary' (got 'weighted'). You may use labels=[pos_label] to specify a single positive class.
  warnings.warn(

2026-10-02 11:01:32,103:WARNING:c:\school\AI\Deep Learning\Cloud_AI\CloudAI-Challenge\.venv\Lib\site-packages\sklearn\metrics\_classification.py:1561: UserWarning: Note that pos_label (set to 'p') is ignored when average != 'binary' (got 'weighted'). You may use labels=[pos_label] to specify a single positive class.
  warnings.warn(

2026-10-02 11:01:32,120:WARNING:c:\school\AI\Deep Learning\Cloud_AI\CloudAI-Challenge\.venv\Lib\site-packages\sklearn\metrics\_classification.py:1561: UserWarning: Note that pos_label (set to 'p') is ignored when average != 'binary' (got 'weighted'). You may use labels=[pos_label] to specify a single positive class.
  warnings.warn(

2026-10-02 11:01:32,123:WARNING:c:\school\AI\Deep Learning\Cloud_AI\CloudAI-Challenge\.venv\Lib\site-packages\sklearn\metrics\_classification.py:1561: UserWarning: Note that pos_label (set to 'p') is ignored when average != 'binary' (got 'weighted'). You may use labels=[pos_label] to specify a single positive class.
  warnings.warn(

2026-10-02 11:01:32,126:WARNING:c:\school\AI\Deep Learning\Cloud_AI\CloudAI-Challenge\.venv\Lib\site-packages\sklearn\metrics\_classification.py:1561: UserWarning: Note that pos_label (set to 'p') is ignored when average != 'binary' (got 'weighted'). You may use labels=[pos_label] to specify a single positive class.
  warnings.warn(

2026-10-02 11:01:32,129:WARNING:c:\school\AI\Deep Learning\Cloud_AI\CloudAI-Challenge\.venv\Lib\site-packages\sklearn\metrics\_classification.py:1561: UserWarning: Note that pos_label (set to 'p') is ignored when average != 'binary' (got 'weighted'). You may use labels=[pos_label] to specify a single positive class.
  warnings.warn(

2026-10-02 11:01:32,131:WARNING:c:\school\AI\Deep Learning\Cloud_AI\CloudAI-Challenge\.venv\Lib\site-packages\sklearn\metrics\_classification.py:1561: UserWarning: Note that pos_label (set to 'p') is ignored when average != 'binary' (got 'weighted'). You may use labels=[pos_label] to specify a single positive class.
  warnings.warn(

2026-10-02 11:01:32,133:WARNING:c:\school\AI\Deep Learning\Cloud_AI\CloudAI-Challenge\.venv\Lib\site-packages\sklearn\metrics\_classification.py:1561: UserWarning: Note that pos_label (set to 'p') is ignored when average != 'binary' (got 'weighted'). You may use labels=[pos_label] to specify a single positive class.
  warnings.warn(

2026-10-02 11:01:32,133:WARNING:c:\school\AI\Deep Learning\Cloud_AI\CloudAI-Challenge\.venv\Lib\site-packages\sklearn\metrics\_classification.py:1561: UserWarning: Note that pos_label (set to 'p') is ignored when average != 'binary' (got 'weighted'). You may use labels=[pos_label] to specify a single positive class.
  warnings.warn(

2026-10-02 11:01:32,137:WARNING:c:\school\AI\Deep Learning\Cloud_AI\CloudAI-Challenge\.venv\Lib\site-packages\sklearn\metrics\_classification.py:1561: UserWarning: Note that pos_label (set to 'p') is ignored when average != 'binary' (got 'weighted'). You may use labels=[pos_label] to specify a single positive class.
  warnings.warn(

2026-10-02 11:01:32,140:WARNING:c:\school\AI\Deep Learning\Cloud_AI\CloudAI-Challenge\.venv\Lib\site-packages\sklearn\metrics\_classification.py:1561: UserWarning: Note that pos_label (set to 'p') is ignored when average != 'binary' (got 'weighted'). You may use labels=[pos_label] to specify a single positive class.
  warnings.warn(

2026-10-02 11:01:32,140:WARNING:c:\school\AI\Deep Learning\Cloud_AI\CloudAI-Challenge\.venv\Lib\site-packages\sklearn\metrics\_classification.py:1561: UserWarning: Note that pos_label (set to 'p') is ignored when average != 'binary' (got 'weighted'). You may use labels=[pos_label] to specify a single positive class.
  warnings.warn(

2026-10-02 11:01:32,145:WARNING:c:\school\AI\Deep Learning\Cloud_AI\CloudAI-Challenge\.venv\Lib\site-packages\sklearn\metrics\_classification.py:1561: UserWarning: Note that pos_label (set to 'p') is ignored when average != 'binary' (got 'weighted'). You may use labels=[pos_label] to specify a single positive class.
  warnings.warn(

2026-10-02 11:01:32,145:WARNING:c:\school\AI\Deep Learning\Cloud_AI\CloudAI-Challenge\.venv\Lib\site-packages\sklearn\metrics\_classification.py:1561: UserWarning: Note that pos_label (set to 'p') is ignored when average != 'binary' (got 'weighted'). You may use labels=[pos_label] to specify a single positive class.
  warnings.warn(

2026-10-02 11:01:32,148:WARNING:c:\school\AI\Deep Learning\Cloud_AI\CloudAI-Challenge\.venv\Lib\site-packages\sklearn\metrics\_classification.py:1561: UserWarning: Note that pos_label (set to 'p') is ignored when average != 'binary' (got 'weighted'). You may use labels=[pos_label] to specify a single positive class.
  warnings.warn(

2026-10-02 11:01:32,148:WARNING:c:\school\AI\Deep Learning\Cloud_AI\CloudAI-Challenge\.venv\Lib\site-packages\sklearn\metrics\_classification.py:1561: UserWarning: Note that pos_label (set to 'p') is ignored when average != 'binary' (got 'weighted'). You may use labels=[pos_label] to specify a single positive class.
  warnings.warn(

2026-10-02 11:01:32,149:WARNING:c:\school\AI\Deep Learning\Cloud_AI\CloudAI-Challenge\.venv\Lib\site-packages\sklearn\metrics\_classification.py:1561: UserWarning: Note that pos_label (set to 'p') is ignored when average != 'binary' (got 'weighted'). You may use labels=[pos_label] to specify a single positive class.
  warnings.warn(

2026-10-02 11:01:32,150:WARNING:c:\school\AI\Deep Learning\Cloud_AI\CloudAI-Challenge\.venv\Lib\site-packages\sklearn\metrics\_classification.py:1561: UserWarning: Note that pos_label (set to 'p') is ignored when average != 'binary' (got 'weighted'). You may use labels=[pos_label] to specify a single positive class.
  warnings.warn(

2026-10-02 11:01:32,151:WARNING:c:\school\AI\Deep Learning\Cloud_AI\CloudAI-Challenge\.venv\Lib\site-packages\sklearn\metrics\_classification.py:1561: UserWarning: Note that pos_label (set to 'p') is ignored when average != 'binary' (got 'weighted'). You may use labels=[pos_label] to specify a single positive class.
  warnings.warn(

2026-10-02 11:01:32,154:WARNING:c:\school\AI\Deep Learning\Cloud_AI\CloudAI-Challenge\.venv\Lib\site-packages\sklearn\metrics\_classification.py:1561: UserWarning: Note that pos_label (set to 'p') is ignored when average != 'binary' (got 'weighted'). You may use labels=[pos_label] to specify a single positive class.
  warnings.warn(

2026-10-02 11:01:32,154:WARNING:c:\school\AI\Deep Learning\Cloud_AI\CloudAI-Challenge\.venv\Lib\site-packages\sklearn\metrics\_classification.py:1561: UserWarning: Note that pos_label (set to 'p') is ignored when average != 'binary' (got 'weighted'). You may use labels=[pos_label] to specify a single positive class.
  warnings.warn(

2026-10-02 11:01:32,158:WARNING:c:\school\AI\Deep Learning\Cloud_AI\CloudAI-Challenge\.venv\Lib\site-packages\sklearn\metrics\_classification.py:1561: UserWarning: Note that pos_label (set to 'p') is ignored when average != 'binary' (got 'weighted'). You may use labels=[pos_label] to specify a single positive class.
  warnings.warn(

2026-10-02 11:01:32,164:WARNING:c:\school\AI\Deep Learning\Cloud_AI\CloudAI-Challenge\.venv\Lib\site-packages\sklearn\metrics\_classification.py:1561: UserWarning: Note that pos_label (set to 'p') is ignored when average != 'binary' (got 'weighted'). You may use labels=[pos_label] to specify a single positive class.
  warnings.warn(

2026-10-02 11:01:32,164:WARNING:c:\school\AI\Deep Learning\Cloud_AI\CloudAI-Challenge\.venv\Lib\site-packages\sklearn\metrics\_classification.py:1561: UserWarning: Note that pos_label (set to 'p') is ignored when average != 'binary' (got 'weighted'). You may use labels=[pos_label] to specify a single positive class.
  warnings.warn(

2026-10-02 11:01:32,166:WARNING:c:\school\AI\Deep Learning\Cloud_AI\CloudAI-Challenge\.venv\Lib\site-packages\sklearn\metrics\_classification.py:1561: UserWarning: Note that pos_label (set to 'p') is ignored when average != 'binary' (got 'weighted'). You may use labels=[pos_label] to specify a single positive class.
  warnings.warn(

2026-10-02 11:01:32,167:WARNING:c:\school\AI\Deep Learning\Cloud_AI\CloudAI-Challenge\.venv\Lib\site-packages\sklearn\metrics\_classification.py:1561: UserWarning: Note that pos_label (set to 'p') is ignored when average != 'binary' (got 'weighted'). You may use labels=[pos_label] to specify a single positive class.
  warnings.warn(

2026-10-02 11:01:32,169:WARNING:c:\school\AI\Deep Learning\Cloud_AI\CloudAI-Challenge\.venv\Lib\site-packages\sklearn\metrics\_classification.py:1561: UserWarning: Note that pos_label (set to 'p') is ignored when average != 'binary' (got 'weighted'). You may use labels=[pos_label] to specify a single positive class.
  warnings.warn(

2026-10-02 11:01:32,170:WARNING:c:\school\AI\Deep Learning\Cloud_AI\CloudAI-Challenge\.venv\Lib\site-packages\sklearn\metrics\_classification.py:1561: UserWarning: Note that pos_label (set to 'p') is ignored when average != 'binary' (got 'weighted'). You may use labels=[pos_label] to specify a single positive class.
  warnings.warn(

2026-10-02 11:01:32,176:INFO:Calculating mean and std
2026-10-02 11:01:32,176:INFO:Creating metrics dataframe
2026-10-02 11:01:32,179:INFO:Uploading results into container
2026-10-02 11:01:32,179:INFO:Uploading model into container now
2026-10-02 11:01:32,180:INFO:_master_model_container: 10
2026-10-02 11:01:32,180:INFO:_display_container: 2
2026-10-02 11:01:32,180:INFO:GradientBoostingClassifier(ccp_alpha=0.0, criterion='friedman_mse', init=None,
                           learning_rate=0.1, loss='log_loss', max_depth=3,
                           max_features=None, max_leaf_nodes=None,
                           min_impurity_decrease=0.0, min_samples_leaf=1,
                           min_samples_split=2, min_weight_fraction_leaf=0.0,
                           n_estimators=100, n_iter_no_change=None,
                           random_state=42, subsample=1.0, tol=0.0001,
                           validation_fraction=0.1, verbose=0,
                           warm_start=False)
2026-10-02 11:01:32,180:INFO:create_model() successfully completed......................................
2026-10-02 11:01:32,265:INFO:SubProcess create_model() end ==================================
2026-10-02 11:01:32,265:INFO:Creating metrics dataframe
2026-10-02 11:01:32,273:INFO:Initializing Linear Discriminant Analysis
2026-10-02 11:01:32,274:INFO:Total runtime is 0.2679255366325378 minutes
2026-10-02 11:01:32,277:INFO:SubProcess create_model() called ==================================
2026-10-02 11:01:32,277:INFO:Initializing create_model()
2026-10-02 11:01:32,277:INFO:create_model(self=<pycaret.classification.oop.ClassificationExperiment object at 0x000001C15CDBFCD0>, estimator=lda, fold=StratifiedKFold(n_splits=10, random_state=None, shuffle=False), round=4, cross_validation=True, predict=True, fit_kwargs={}, groups=None, refit=False, probability_threshold=None, experiment_custom_tags=None, verbose=False, system=False, add_to_model_list=True, metrics=None, display=<pycaret.internal.display.display.CommonDisplay object at 0x000001C15CEA2FD0>, model_only=True, return_train_score=False, error_score=0.0, kwargs={})
2026-10-02 11:01:32,277:INFO:Checking exceptions
2026-10-02 11:01:32,278:INFO:Importing libraries
2026-10-02 11:01:32,278:INFO:Copying training dataset
2026-10-02 11:01:32,283:INFO:Defining folds
2026-10-02 11:01:32,283:INFO:Declaring metric variables
2026-10-02 11:01:32,286:INFO:Importing untrained model
2026-10-02 11:01:32,289:INFO:Linear Discriminant Analysis Imported successfully
2026-10-02 11:01:32,296:INFO:Starting cross validation
2026-10-02 11:01:32,298:INFO:Cross validating with StratifiedKFold(n_splits=10, random_state=None, shuffle=False), n_jobs=-1
2026-10-02 11:01:32,539:WARNING:c:\school\AI\Deep Learning\Cloud_AI\CloudAI-Challenge\.venv\Lib\site-packages\sklearn\metrics\_classification.py:1561: UserWarning: Note that pos_label (set to 'p') is ignored when average != 'binary' (got 'weighted'). You may use labels=[pos_label] to specify a single positive class.
  warnings.warn(

2026-10-02 11:01:32,543:WARNING:c:\school\AI\Deep Learning\Cloud_AI\CloudAI-Challenge\.venv\Lib\site-packages\sklearn\metrics\_classification.py:1561: UserWarning: Note that pos_label (set to 'p') is ignored when average != 'binary' (got 'weighted'). You may use labels=[pos_label] to specify a single positive class.
  warnings.warn(

2026-10-02 11:01:32,547:WARNING:c:\school\AI\Deep Learning\Cloud_AI\CloudAI-Challenge\.venv\Lib\site-packages\sklearn\metrics\_classification.py:1561: UserWarning: Note that pos_label (set to 'p') is ignored when average != 'binary' (got 'weighted'). You may use labels=[pos_label] to specify a single positive class.
  warnings.warn(

2026-10-02 11:01:32,563:WARNING:c:\school\AI\Deep Learning\Cloud_AI\CloudAI-Challenge\.venv\Lib\site-packages\sklearn\metrics\_classification.py:1561: UserWarning: Note that pos_label (set to 'p') is ignored when average != 'binary' (got 'weighted'). You may use labels=[pos_label] to specify a single positive class.
  warnings.warn(

2026-10-02 11:01:32,566:WARNING:c:\school\AI\Deep Learning\Cloud_AI\CloudAI-Challenge\.venv\Lib\site-packages\sklearn\metrics\_classification.py:1561: UserWarning: Note that pos_label (set to 'p') is ignored when average != 'binary' (got 'weighted'). You may use labels=[pos_label] to specify a single positive class.
  warnings.warn(

2026-10-02 11:01:32,570:WARNING:c:\school\AI\Deep Learning\Cloud_AI\CloudAI-Challenge\.venv\Lib\site-packages\sklearn\metrics\_classification.py:1561: UserWarning: Note that pos_label (set to 'p') is ignored when average != 'binary' (got 'weighted'). You may use labels=[pos_label] to specify a single positive class.
  warnings.warn(

2026-10-02 11:01:32,573:WARNING:c:\school\AI\Deep Learning\Cloud_AI\CloudAI-Challenge\.venv\Lib\site-packages\sklearn\metrics\_classification.py:1561: UserWarning: Note that pos_label (set to 'p') is ignored when average != 'binary' (got 'weighted'). You may use labels=[pos_label] to specify a single positive class.
  warnings.warn(

2026-10-02 11:01:32,577:WARNING:c:\school\AI\Deep Learning\Cloud_AI\CloudAI-Challenge\.venv\Lib\site-packages\sklearn\metrics\_classification.py:1561: UserWarning: Note that pos_label (set to 'p') is ignored when average != 'binary' (got 'weighted'). You may use labels=[pos_label] to specify a single positive class.
  warnings.warn(

2026-10-02 11:01:32,580:WARNING:c:\school\AI\Deep Learning\Cloud_AI\CloudAI-Challenge\.venv\Lib\site-packages\sklearn\metrics\_classification.py:1561: UserWarning: Note that pos_label (set to 'p') is ignored when average != 'binary' (got 'weighted'). You may use labels=[pos_label] to specify a single positive class.
  warnings.warn(

2026-10-02 11:01:32,582:WARNING:c:\school\AI\Deep Learning\Cloud_AI\CloudAI-Challenge\.venv\Lib\site-packages\sklearn\metrics\_classification.py:1561: UserWarning: Note that pos_label (set to 'p') is ignored when average != 'binary' (got 'weighted'). You may use labels=[pos_label] to specify a single positive class.
  warnings.warn(

2026-10-02 11:01:32,583:WARNING:c:\school\AI\Deep Learning\Cloud_AI\CloudAI-Challenge\.venv\Lib\site-packages\sklearn\metrics\_classification.py:1561: UserWarning: Note that pos_label (set to 'p') is ignored when average != 'binary' (got 'weighted'). You may use labels=[pos_label] to specify a single positive class.
  warnings.warn(

2026-10-02 11:01:32,583:WARNING:c:\school\AI\Deep Learning\Cloud_AI\CloudAI-Challenge\.venv\Lib\site-packages\sklearn\metrics\_classification.py:1561: UserWarning: Note that pos_label (set to 'p') is ignored when average != 'binary' (got 'weighted'). You may use labels=[pos_label] to specify a single positive class.
  warnings.warn(

2026-10-02 11:01:32,586:WARNING:c:\school\AI\Deep Learning\Cloud_AI\CloudAI-Challenge\.venv\Lib\site-packages\sklearn\metrics\_classification.py:1561: UserWarning: Note that pos_label (set to 'p') is ignored when average != 'binary' (got 'weighted'). You may use labels=[pos_label] to specify a single positive class.
  warnings.warn(

2026-10-02 11:01:32,587:WARNING:c:\school\AI\Deep Learning\Cloud_AI\CloudAI-Challenge\.venv\Lib\site-packages\sklearn\metrics\_classification.py:1561: UserWarning: Note that pos_label (set to 'p') is ignored when average != 'binary' (got 'weighted'). You may use labels=[pos_label] to specify a single positive class.
  warnings.warn(

2026-10-02 11:01:32,589:WARNING:c:\school\AI\Deep Learning\Cloud_AI\CloudAI-Challenge\.venv\Lib\site-packages\sklearn\metrics\_classification.py:1561: UserWarning: Note that pos_label (set to 'p') is ignored when average != 'binary' (got 'weighted'). You may use labels=[pos_label] to specify a single positive class.
  warnings.warn(

2026-10-02 11:01:32,589:WARNING:c:\school\AI\Deep Learning\Cloud_AI\CloudAI-Challenge\.venv\Lib\site-packages\sklearn\metrics\_classification.py:1561: UserWarning: Note that pos_label (set to 'p') is ignored when average != 'binary' (got 'weighted'). You may use labels=[pos_label] to specify a single positive class.
  warnings.warn(

2026-10-02 11:01:32,591:WARNING:c:\school\AI\Deep Learning\Cloud_AI\CloudAI-Challenge\.venv\Lib\site-packages\sklearn\metrics\_classification.py:1561: UserWarning: Note that pos_label (set to 'p') is ignored when average != 'binary' (got 'weighted'). You may use labels=[pos_label] to specify a single positive class.
  warnings.warn(

2026-10-02 11:01:32,592:WARNING:c:\school\AI\Deep Learning\Cloud_AI\CloudAI-Challenge\.venv\Lib\site-packages\sklearn\metrics\_classification.py:1561: UserWarning: Note that pos_label (set to 'p') is ignored when average != 'binary' (got 'weighted'). You may use labels=[pos_label] to specify a single positive class.
  warnings.warn(

2026-10-02 11:01:32,592:WARNING:c:\school\AI\Deep Learning\Cloud_AI\CloudAI-Challenge\.venv\Lib\site-packages\sklearn\metrics\_classification.py:1561: UserWarning: Note that pos_label (set to 'p') is ignored when average != 'binary' (got 'weighted'). You may use labels=[pos_label] to specify a single positive class.
  warnings.warn(

2026-10-02 11:01:32,595:WARNING:c:\school\AI\Deep Learning\Cloud_AI\CloudAI-Challenge\.venv\Lib\site-packages\sklearn\metrics\_classification.py:1561: UserWarning: Note that pos_label (set to 'p') is ignored when average != 'binary' (got 'weighted'). You may use labels=[pos_label] to specify a single positive class.
  warnings.warn(

2026-10-02 11:01:32,595:WARNING:c:\school\AI\Deep Learning\Cloud_AI\CloudAI-Challenge\.venv\Lib\site-packages\sklearn\metrics\_classification.py:1561: UserWarning: Note that pos_label (set to 'p') is ignored when average != 'binary' (got 'weighted'). You may use labels=[pos_label] to specify a single positive class.
  warnings.warn(

2026-10-02 11:01:32,596:WARNING:c:\school\AI\Deep Learning\Cloud_AI\CloudAI-Challenge\.venv\Lib\site-packages\sklearn\metrics\_classification.py:1561: UserWarning: Note that pos_label (set to 'p') is ignored when average != 'binary' (got 'weighted'). You may use labels=[pos_label] to specify a single positive class.
  warnings.warn(

2026-10-02 11:01:32,597:WARNING:c:\school\AI\Deep Learning\Cloud_AI\CloudAI-Challenge\.venv\Lib\site-packages\sklearn\metrics\_classification.py:1561: UserWarning: Note that pos_label (set to 'p') is ignored when average != 'binary' (got 'weighted'). You may use labels=[pos_label] to specify a single positive class.
  warnings.warn(

2026-10-02 11:01:32,598:WARNING:c:\school\AI\Deep Learning\Cloud_AI\CloudAI-Challenge\.venv\Lib\site-packages\sklearn\metrics\_classification.py:1561: UserWarning: Note that pos_label (set to 'p') is ignored when average != 'binary' (got 'weighted'). You may use labels=[pos_label] to specify a single positive class.
  warnings.warn(

2026-10-02 11:01:32,601:WARNING:c:\school\AI\Deep Learning\Cloud_AI\CloudAI-Challenge\.venv\Lib\site-packages\sklearn\metrics\_classification.py:1561: UserWarning: Note that pos_label (set to 'p') is ignored when average != 'binary' (got 'weighted'). You may use labels=[pos_label] to specify a single positive class.
  warnings.warn(

2026-10-02 11:01:32,602:WARNING:c:\school\AI\Deep Learning\Cloud_AI\CloudAI-Challenge\.venv\Lib\site-packages\sklearn\metrics\_classification.py:1561: UserWarning: Note that pos_label (set to 'p') is ignored when average != 'binary' (got 'weighted'). You may use labels=[pos_label] to specify a single positive class.
  warnings.warn(

2026-10-02 11:01:32,602:WARNING:c:\school\AI\Deep Learning\Cloud_AI\CloudAI-Challenge\.venv\Lib\site-packages\sklearn\metrics\_classification.py:1561: UserWarning: Note that pos_label (set to 'p') is ignored when average != 'binary' (got 'weighted'). You may use labels=[pos_label] to specify a single positive class.
  warnings.warn(

2026-10-02 11:01:32,604:WARNING:c:\school\AI\Deep Learning\Cloud_AI\CloudAI-Challenge\.venv\Lib\site-packages\sklearn\metrics\_classification.py:1561: UserWarning: Note that pos_label (set to 'p') is ignored when average != 'binary' (got 'weighted'). You may use labels=[pos_label] to specify a single positive class.
  warnings.warn(

2026-10-02 11:01:32,604:WARNING:c:\school\AI\Deep Learning\Cloud_AI\CloudAI-Challenge\.venv\Lib\site-packages\sklearn\metrics\_classification.py:1561: UserWarning: Note that pos_label (set to 'p') is ignored when average != 'binary' (got 'weighted'). You may use labels=[pos_label] to specify a single positive class.
  warnings.warn(

2026-10-02 11:01:32,608:WARNING:c:\school\AI\Deep Learning\Cloud_AI\CloudAI-Challenge\.venv\Lib\site-packages\sklearn\metrics\_classification.py:1561: UserWarning: Note that pos_label (set to 'p') is ignored when average != 'binary' (got 'weighted'). You may use labels=[pos_label] to specify a single positive class.
  warnings.warn(

2026-10-02 11:01:32,616:INFO:Calculating mean and std
2026-10-02 11:01:32,617:INFO:Creating metrics dataframe
2026-10-02 11:01:32,619:INFO:Uploading results into container
2026-10-02 11:01:32,619:INFO:Uploading model into container now
2026-10-02 11:01:32,620:INFO:_master_model_container: 11
2026-10-02 11:01:32,620:INFO:_display_container: 2
2026-10-02 11:01:32,620:INFO:LinearDiscriminantAnalysis(covariance_estimator=None, n_components=None,
                           priors=None, shrinkage=None, solver='svd',
                           store_covariance=False, tol=0.0001)
2026-10-02 11:01:32,620:INFO:create_model() successfully completed......................................
2026-10-02 11:01:32,711:INFO:SubProcess create_model() end ==================================
2026-10-02 11:01:32,712:INFO:Creating metrics dataframe
2026-10-02 11:01:32,721:INFO:Initializing Extra Trees Classifier
2026-10-02 11:01:32,721:INFO:Total runtime is 0.2753720720609029 minutes
2026-10-02 11:01:32,723:INFO:SubProcess create_model() called ==================================
2026-10-02 11:01:32,724:INFO:Initializing create_model()
2026-10-02 11:01:32,724:INFO:create_model(self=<pycaret.classification.oop.ClassificationExperiment object at 0x000001C15CDBFCD0>, estimator=et, fold=StratifiedKFold(n_splits=10, random_state=None, shuffle=False), round=4, cross_validation=True, predict=True, fit_kwargs={}, groups=None, refit=False, probability_threshold=None, experiment_custom_tags=None, verbose=False, system=False, add_to_model_list=True, metrics=None, display=<pycaret.internal.display.display.CommonDisplay object at 0x000001C15CEA2FD0>, model_only=True, return_train_score=False, error_score=0.0, kwargs={})
2026-10-02 11:01:32,724:INFO:Checking exceptions
2026-10-02 11:01:32,724:INFO:Importing libraries
2026-10-02 11:01:32,724:INFO:Copying training dataset
2026-10-02 11:01:32,728:INFO:Defining folds
2026-10-02 11:01:32,728:INFO:Declaring metric variables
2026-10-02 11:01:32,733:INFO:Importing untrained model
2026-10-02 11:01:32,737:INFO:Extra Trees Classifier Imported successfully
2026-10-02 11:01:32,743:INFO:Starting cross validation
2026-10-02 11:01:32,745:INFO:Cross validating with StratifiedKFold(n_splits=10, random_state=None, shuffle=False), n_jobs=-1
2026-10-02 11:01:33,645:WARNING:c:\school\AI\Deep Learning\Cloud_AI\CloudAI-Challenge\.venv\Lib\site-packages\sklearn\metrics\_classification.py:1561: UserWarning: Note that pos_label (set to 'p') is ignored when average != 'binary' (got 'weighted'). You may use labels=[pos_label] to specify a single positive class.
  warnings.warn(

2026-10-02 11:01:33,651:WARNING:c:\school\AI\Deep Learning\Cloud_AI\CloudAI-Challenge\.venv\Lib\site-packages\sklearn\metrics\_classification.py:1561: UserWarning: Note that pos_label (set to 'p') is ignored when average != 'binary' (got 'weighted'). You may use labels=[pos_label] to specify a single positive class.
  warnings.warn(

2026-10-02 11:01:33,656:WARNING:c:\school\AI\Deep Learning\Cloud_AI\CloudAI-Challenge\.venv\Lib\site-packages\sklearn\metrics\_classification.py:1561: UserWarning: Note that pos_label (set to 'p') is ignored when average != 'binary' (got 'weighted'). You may use labels=[pos_label] to specify a single positive class.
  warnings.warn(

2026-10-02 11:01:33,674:WARNING:c:\school\AI\Deep Learning\Cloud_AI\CloudAI-Challenge\.venv\Lib\site-packages\sklearn\metrics\_classification.py:1561: UserWarning: Note that pos_label (set to 'p') is ignored when average != 'binary' (got 'weighted'). You may use labels=[pos_label] to specify a single positive class.
  warnings.warn(

2026-10-02 11:01:33,680:WARNING:c:\school\AI\Deep Learning\Cloud_AI\CloudAI-Challenge\.venv\Lib\site-packages\sklearn\metrics\_classification.py:1561: UserWarning: Note that pos_label (set to 'p') is ignored when average != 'binary' (got 'weighted'). You may use labels=[pos_label] to specify a single positive class.
  warnings.warn(

2026-10-02 11:01:33,684:WARNING:c:\school\AI\Deep Learning\Cloud_AI\CloudAI-Challenge\.venv\Lib\site-packages\sklearn\metrics\_classification.py:1561: UserWarning: Note that pos_label (set to 'p') is ignored when average != 'binary' (got 'weighted'). You may use labels=[pos_label] to specify a single positive class.
  warnings.warn(

2026-10-02 11:01:33,694:WARNING:c:\school\AI\Deep Learning\Cloud_AI\CloudAI-Challenge\.venv\Lib\site-packages\sklearn\metrics\_classification.py:1561: UserWarning: Note that pos_label (set to 'p') is ignored when average != 'binary' (got 'weighted'). You may use labels=[pos_label] to specify a single positive class.
  warnings.warn(

2026-10-02 11:01:33,697:WARNING:c:\school\AI\Deep Learning\Cloud_AI\CloudAI-Challenge\.venv\Lib\site-packages\sklearn\metrics\_classification.py:1561: UserWarning: Note that pos_label (set to 'p') is ignored when average != 'binary' (got 'weighted'). You may use labels=[pos_label] to specify a single positive class.
  warnings.warn(

2026-10-02 11:01:33,700:WARNING:c:\school\AI\Deep Learning\Cloud_AI\CloudAI-Challenge\.venv\Lib\site-packages\sklearn\metrics\_classification.py:1561: UserWarning: Note that pos_label (set to 'p') is ignored when average != 'binary' (got 'weighted'). You may use labels=[pos_label] to specify a single positive class.
  warnings.warn(

2026-10-02 11:01:33,701:WARNING:c:\school\AI\Deep Learning\Cloud_AI\CloudAI-Challenge\.venv\Lib\site-packages\sklearn\metrics\_classification.py:1561: UserWarning: Note that pos_label (set to 'p') is ignored when average != 'binary' (got 'weighted'). You may use labels=[pos_label] to specify a single positive class.
  warnings.warn(

2026-10-02 11:01:33,704:WARNING:c:\school\AI\Deep Learning\Cloud_AI\CloudAI-Challenge\.venv\Lib\site-packages\sklearn\metrics\_classification.py:1561: UserWarning: Note that pos_label (set to 'p') is ignored when average != 'binary' (got 'weighted'). You may use labels=[pos_label] to specify a single positive class.
  warnings.warn(

2026-10-02 11:01:33,704:WARNING:c:\school\AI\Deep Learning\Cloud_AI\CloudAI-Challenge\.venv\Lib\site-packages\sklearn\metrics\_classification.py:1561: UserWarning: Note that pos_label (set to 'p') is ignored when average != 'binary' (got 'weighted'). You may use labels=[pos_label] to specify a single positive class.
  warnings.warn(

2026-10-02 11:01:33,705:WARNING:c:\school\AI\Deep Learning\Cloud_AI\CloudAI-Challenge\.venv\Lib\site-packages\sklearn\metrics\_classification.py:1561: UserWarning: Note that pos_label (set to 'p') is ignored when average != 'binary' (got 'weighted'). You may use labels=[pos_label] to specify a single positive class.
  warnings.warn(

2026-10-02 11:01:33,706:WARNING:c:\school\AI\Deep Learning\Cloud_AI\CloudAI-Challenge\.venv\Lib\site-packages\sklearn\metrics\_classification.py:1561: UserWarning: Note that pos_label (set to 'p') is ignored when average != 'binary' (got 'weighted'). You may use labels=[pos_label] to specify a single positive class.
  warnings.warn(

2026-10-02 11:01:33,708:WARNING:c:\school\AI\Deep Learning\Cloud_AI\CloudAI-Challenge\.venv\Lib\site-packages\sklearn\metrics\_classification.py:1561: UserWarning: Note that pos_label (set to 'p') is ignored when average != 'binary' (got 'weighted'). You may use labels=[pos_label] to specify a single positive class.
  warnings.warn(

2026-10-02 11:01:33,708:WARNING:c:\school\AI\Deep Learning\Cloud_AI\CloudAI-Challenge\.venv\Lib\site-packages\sklearn\metrics\_classification.py:1561: UserWarning: Note that pos_label (set to 'p') is ignored when average != 'binary' (got 'weighted'). You may use labels=[pos_label] to specify a single positive class.
  warnings.warn(

2026-10-02 11:01:33,712:WARNING:c:\school\AI\Deep Learning\Cloud_AI\CloudAI-Challenge\.venv\Lib\site-packages\sklearn\metrics\_classification.py:1561: UserWarning: Note that pos_label (set to 'p') is ignored when average != 'binary' (got 'weighted'). You may use labels=[pos_label] to specify a single positive class.
  warnings.warn(

2026-10-02 11:01:33,712:WARNING:c:\school\AI\Deep Learning\Cloud_AI\CloudAI-Challenge\.venv\Lib\site-packages\sklearn\metrics\_classification.py:1561: UserWarning: Note that pos_label (set to 'p') is ignored when average != 'binary' (got 'weighted'). You may use labels=[pos_label] to specify a single positive class.
  warnings.warn(

2026-10-02 11:01:33,714:WARNING:c:\school\AI\Deep Learning\Cloud_AI\CloudAI-Challenge\.venv\Lib\site-packages\sklearn\metrics\_classification.py:1561: UserWarning: Note that pos_label (set to 'p') is ignored when average != 'binary' (got 'weighted'). You may use labels=[pos_label] to specify a single positive class.
  warnings.warn(

2026-10-02 11:01:33,718:WARNING:c:\school\AI\Deep Learning\Cloud_AI\CloudAI-Challenge\.venv\Lib\site-packages\sklearn\metrics\_classification.py:1561: UserWarning: Note that pos_label (set to 'p') is ignored when average != 'binary' (got 'weighted'). You may use labels=[pos_label] to specify a single positive class.
  warnings.warn(

2026-10-02 11:01:33,735:WARNING:c:\school\AI\Deep Learning\Cloud_AI\CloudAI-Challenge\.venv\Lib\site-packages\sklearn\metrics\_classification.py:1561: UserWarning: Note that pos_label (set to 'p') is ignored when average != 'binary' (got 'weighted'). You may use labels=[pos_label] to specify a single positive class.
  warnings.warn(

2026-10-02 11:01:33,741:WARNING:c:\school\AI\Deep Learning\Cloud_AI\CloudAI-Challenge\.venv\Lib\site-packages\sklearn\metrics\_classification.py:1561: UserWarning: Note that pos_label (set to 'p') is ignored when average != 'binary' (got 'weighted'). You may use labels=[pos_label] to specify a single positive class.
  warnings.warn(

2026-10-02 11:01:33,745:WARNING:c:\school\AI\Deep Learning\Cloud_AI\CloudAI-Challenge\.venv\Lib\site-packages\sklearn\metrics\_classification.py:1561: UserWarning: Note that pos_label (set to 'p') is ignored when average != 'binary' (got 'weighted'). You may use labels=[pos_label] to specify a single positive class.
  warnings.warn(

2026-10-02 11:01:33,770:WARNING:c:\school\AI\Deep Learning\Cloud_AI\CloudAI-Challenge\.venv\Lib\site-packages\sklearn\metrics\_classification.py:1561: UserWarning: Note that pos_label (set to 'p') is ignored when average != 'binary' (got 'weighted'). You may use labels=[pos_label] to specify a single positive class.
  warnings.warn(

2026-10-02 11:01:33,775:WARNING:c:\school\AI\Deep Learning\Cloud_AI\CloudAI-Challenge\.venv\Lib\site-packages\sklearn\metrics\_classification.py:1561: UserWarning: Note that pos_label (set to 'p') is ignored when average != 'binary' (got 'weighted'). You may use labels=[pos_label] to specify a single positive class.
  warnings.warn(

2026-10-02 11:01:33,780:WARNING:c:\school\AI\Deep Learning\Cloud_AI\CloudAI-Challenge\.venv\Lib\site-packages\sklearn\metrics\_classification.py:1561: UserWarning: Note that pos_label (set to 'p') is ignored when average != 'binary' (got 'weighted'). You may use labels=[pos_label] to specify a single positive class.
  warnings.warn(

2026-10-02 11:01:33,803:WARNING:c:\school\AI\Deep Learning\Cloud_AI\CloudAI-Challenge\.venv\Lib\site-packages\sklearn\metrics\_classification.py:1561: UserWarning: Note that pos_label (set to 'p') is ignored when average != 'binary' (got 'weighted'). You may use labels=[pos_label] to specify a single positive class.
  warnings.warn(

2026-10-02 11:01:33,807:WARNING:c:\school\AI\Deep Learning\Cloud_AI\CloudAI-Challenge\.venv\Lib\site-packages\sklearn\metrics\_classification.py:1561: UserWarning: Note that pos_label (set to 'p') is ignored when average != 'binary' (got 'weighted'). You may use labels=[pos_label] to specify a single positive class.
  warnings.warn(

2026-10-02 11:01:33,811:WARNING:c:\school\AI\Deep Learning\Cloud_AI\CloudAI-Challenge\.venv\Lib\site-packages\sklearn\metrics\_classification.py:1561: UserWarning: Note that pos_label (set to 'p') is ignored when average != 'binary' (got 'weighted'). You may use labels=[pos_label] to specify a single positive class.
  warnings.warn(

2026-10-02 11:01:33,820:INFO:Calculating mean and std
2026-10-02 11:01:33,822:INFO:Creating metrics dataframe
2026-10-02 11:01:33,825:INFO:Uploading results into container
2026-10-02 11:01:33,826:INFO:Uploading model into container now
2026-10-02 11:01:33,826:INFO:_master_model_container: 12
2026-10-02 11:01:33,826:INFO:_display_container: 2
2026-10-02 11:01:33,827:INFO:ExtraTreesClassifier(bootstrap=False, ccp_alpha=0.0, class_weight=None,
                     criterion='gini', max_depth=None, max_features='sqrt',
                     max_leaf_nodes=None, max_samples=None,
                     min_impurity_decrease=0.0, min_samples_leaf=1,
                     min_samples_split=2, min_weight_fraction_leaf=0.0,
                     monotonic_cst=None, n_estimators=100, n_jobs=-1,
                     oob_score=False, random_state=42, verbose=0,
                     warm_start=False)
2026-10-02 11:01:33,828:INFO:create_model() successfully completed......................................
2026-10-02 11:01:33,919:INFO:SubProcess create_model() end ==================================
2026-10-02 11:01:33,919:INFO:Creating metrics dataframe
2026-10-02 11:01:33,927:INFO:Initializing Light Gradient Boosting Machine
2026-10-02 11:01:33,927:INFO:Total runtime is 0.29547128280003865 minutes
2026-10-02 11:01:33,929:INFO:SubProcess create_model() called ==================================
2026-10-02 11:01:33,930:INFO:Initializing create_model()
2026-10-02 11:01:33,930:INFO:create_model(self=<pycaret.classification.oop.ClassificationExperiment object at 0x000001C15CDBFCD0>, estimator=lightgbm, fold=StratifiedKFold(n_splits=10, random_state=None, shuffle=False), round=4, cross_validation=True, predict=True, fit_kwargs={}, groups=None, refit=False, probability_threshold=None, experiment_custom_tags=None, verbose=False, system=False, add_to_model_list=True, metrics=None, display=<pycaret.internal.display.display.CommonDisplay object at 0x000001C15CEA2FD0>, model_only=True, return_train_score=False, error_score=0.0, kwargs={})
2026-10-02 11:01:33,930:INFO:Checking exceptions
2026-10-02 11:01:33,930:INFO:Importing libraries
2026-10-02 11:01:33,930:INFO:Copying training dataset
2026-10-02 11:01:33,935:INFO:Defining folds
2026-10-02 11:01:33,935:INFO:Declaring metric variables
2026-10-02 11:01:33,938:INFO:Importing untrained model
2026-10-02 11:01:33,942:INFO:Light Gradient Boosting Machine Imported successfully
2026-10-02 11:01:33,947:INFO:Starting cross validation
2026-10-02 11:01:33,949:INFO:Cross validating with StratifiedKFold(n_splits=10, random_state=None, shuffle=False), n_jobs=-1
2026-10-02 11:01:34,214:WARNING:create_model() for lightgbm raised an exception or returned all 0.0, trying without fit_kwargs:
2026-10-02 11:01:34,218:WARNING:Traceback (most recent call last):
  File "c:\school\AI\Deep Learning\Cloud_AI\CloudAI-Challenge\.venv\Lib\site-packages\pycaret\internal\pycaret_experiment\supervised_experiment.py", line 794, in compare_models
    model, model_fit_time = self._create_model(**create_model_args)
                            ^^^^^^^^^^^^^^^^^^^^^^^^^^^^^^^^^^^^^^^
  File "c:\school\AI\Deep Learning\Cloud_AI\CloudAI-Challenge\.venv\Lib\site-packages\pycaret\internal\pycaret_experiment\supervised_experiment.py", line 1533, in _create_model
    model, model_fit_time, model_results, _ = self._create_model_with_cv(
                                              ^^^^^^^^^^^^^^^^^^^^^^^^^^^
  File "c:\school\AI\Deep Learning\Cloud_AI\CloudAI-Challenge\.venv\Lib\site-packages\pycaret\internal\pycaret_experiment\supervised_experiment.py", line 1126, in _create_model_with_cv
    scores = cross_validate(
             ^^^^^^^^^^^^^^^
  File "c:\school\AI\Deep Learning\Cloud_AI\CloudAI-Challenge\.venv\Lib\site-packages\sklearn\utils\_param_validation.py", line 213, in wrapper
    return func(*args, **kwargs)
           ^^^^^^^^^^^^^^^^^^^^^
  File "c:\school\AI\Deep Learning\Cloud_AI\CloudAI-Challenge\.venv\Lib\site-packages\sklearn\model_selection\_validation.py", line 450, in cross_validate
    _warn_or_raise_about_fit_failures(results, error_score)
  File "c:\school\AI\Deep Learning\Cloud_AI\CloudAI-Challenge\.venv\Lib\site-packages\sklearn\model_selection\_validation.py", line 536, in _warn_or_raise_about_fit_failures
    raise ValueError(all_fits_failed_message)
ValueError: 
All the 10 fits failed.
It is very likely that your model is misconfigured.
You can try to debug the error by setting error_score='raise'.

Below are more details about the failures:
--------------------------------------------------------------------------------
10 fits failed with the following error:
Traceback (most recent call last):
  File "c:\school\AI\Deep Learning\Cloud_AI\CloudAI-Challenge\.venv\Lib\site-packages\sklearn\model_selection\_validation.py", line 895, in _fit_and_score
    estimator.fit(X_train, y_train, **fit_params)
  File "c:\school\AI\Deep Learning\Cloud_AI\CloudAI-Challenge\.venv\Lib\site-packages\pycaret\internal\pipeline.py", line 278, in fit
    fitted_estimator = self._memory_fit(
                       ^^^^^^^^^^^^^^^^^
  File "c:\school\AI\Deep Learning\Cloud_AI\CloudAI-Challenge\.venv\Lib\site-packages\joblib\memory.py", line 353, in __call__
    return self.func(*args, **kwargs)
           ^^^^^^^^^^^^^^^^^^^^^^^^^^
  File "c:\school\AI\Deep Learning\Cloud_AI\CloudAI-Challenge\.venv\Lib\site-packages\pycaret\internal\pipeline.py", line 69, in _fit_one
    transformer.fit(*args)
  File "c:\school\AI\Deep Learning\Cloud_AI\CloudAI-Challenge\.venv\Lib\site-packages\lightgbm\sklearn.py", line 1704, in fit
    super().fit(
  File "c:\school\AI\Deep Learning\Cloud_AI\CloudAI-Challenge\.venv\Lib\site-packages\lightgbm\sklearn.py", line 1171, in fit
    self._Booster = train(
                    ^^^^^^
  File "c:\school\AI\Deep Learning\Cloud_AI\CloudAI-Challenge\.venv\Lib\site-packages\lightgbm\engine.py", line 296, in train
    booster = Booster(params=params, train_set=train_set)
              ^^^^^^^^^^^^^^^^^^^^^^^^^^^^^^^^^^^^^^^^^^^
  File "c:\school\AI\Deep Learning\Cloud_AI\CloudAI-Challenge\.venv\Lib\site-packages\lightgbm\basic.py", line 3758, in __init__
    train_set.construct()
  File "c:\school\AI\Deep Learning\Cloud_AI\CloudAI-Challenge\.venv\Lib\site-packages\lightgbm\basic.py", line 2574, in construct
    self._lazy_init(
  File "c:\school\AI\Deep Learning\Cloud_AI\CloudAI-Challenge\.venv\Lib\site-packages\lightgbm\basic.py", line 2189, in _lazy_init
    self.set_label(label)
  File "c:\school\AI\Deep Learning\Cloud_AI\CloudAI-Challenge\.venv\Lib\site-packages\lightgbm\basic.py", line 3097, in set_label
    self.set_field("label", label_array)
  File "c:\school\AI\Deep Learning\Cloud_AI\CloudAI-Challenge\.venv\Lib\site-packages\lightgbm\basic.py", line 2860, in set_field
    _LIB.LGBM_DatasetSetField(
OSError: exception: access violation reading 0x0000000000000000


2026-10-02 11:01:34,218:INFO:Initializing create_model()
2026-10-02 11:01:34,218:INFO:create_model(self=<pycaret.classification.oop.ClassificationExperiment object at 0x000001C15CDBFCD0>, estimator=lightgbm, fold=StratifiedKFold(n_splits=10, random_state=None, shuffle=False), round=4, cross_validation=True, predict=True, fit_kwargs={}, groups=None, refit=False, probability_threshold=None, experiment_custom_tags=None, verbose=False, system=False, add_to_model_list=True, metrics=None, display=<pycaret.internal.display.display.CommonDisplay object at 0x000001C15CEA2FD0>, model_only=True, return_train_score=False, error_score=0.0, kwargs={})
2026-10-02 11:01:34,218:INFO:Checking exceptions
2026-10-02 11:01:34,218:INFO:Importing libraries
2026-10-02 11:01:34,218:INFO:Copying training dataset
2026-10-02 11:01:34,224:INFO:Defining folds
2026-10-02 11:01:34,224:INFO:Declaring metric variables
2026-10-02 11:01:34,227:INFO:Importing untrained model
2026-10-02 11:01:34,231:INFO:Light Gradient Boosting Machine Imported successfully
2026-10-02 11:01:34,238:INFO:Starting cross validation
2026-10-02 11:01:34,241:INFO:Cross validating with StratifiedKFold(n_splits=10, random_state=None, shuffle=False), n_jobs=-1
2026-10-02 11:01:34,531:ERROR:create_model() for lightgbm raised an exception or returned all 0.0:
2026-10-02 11:01:34,533:ERROR:Traceback (most recent call last):
  File "c:\school\AI\Deep Learning\Cloud_AI\CloudAI-Challenge\.venv\Lib\site-packages\pycaret\internal\pycaret_experiment\supervised_experiment.py", line 794, in compare_models
    model, model_fit_time = self._create_model(**create_model_args)
                            ^^^^^^^^^^^^^^^^^^^^^^^^^^^^^^^^^^^^^^^
  File "c:\school\AI\Deep Learning\Cloud_AI\CloudAI-Challenge\.venv\Lib\site-packages\pycaret\internal\pycaret_experiment\supervised_experiment.py", line 1533, in _create_model
    model, model_fit_time, model_results, _ = self._create_model_with_cv(
                                              ^^^^^^^^^^^^^^^^^^^^^^^^^^^
  File "c:\school\AI\Deep Learning\Cloud_AI\CloudAI-Challenge\.venv\Lib\site-packages\pycaret\internal\pycaret_experiment\supervised_experiment.py", line 1126, in _create_model_with_cv
    scores = cross_validate(
             ^^^^^^^^^^^^^^^
  File "c:\school\AI\Deep Learning\Cloud_AI\CloudAI-Challenge\.venv\Lib\site-packages\sklearn\utils\_param_validation.py", line 213, in wrapper
    return func(*args, **kwargs)
           ^^^^^^^^^^^^^^^^^^^^^
  File "c:\school\AI\Deep Learning\Cloud_AI\CloudAI-Challenge\.venv\Lib\site-packages\sklearn\model_selection\_validation.py", line 450, in cross_validate
    _warn_or_raise_about_fit_failures(results, error_score)
  File "c:\school\AI\Deep Learning\Cloud_AI\CloudAI-Challenge\.venv\Lib\site-packages\sklearn\model_selection\_validation.py", line 536, in _warn_or_raise_about_fit_failures
    raise ValueError(all_fits_failed_message)
ValueError: 
All the 10 fits failed.
It is very likely that your model is misconfigured.
You can try to debug the error by setting error_score='raise'.

Below are more details about the failures:
--------------------------------------------------------------------------------
10 fits failed with the following error:
Traceback (most recent call last):
  File "c:\school\AI\Deep Learning\Cloud_AI\CloudAI-Challenge\.venv\Lib\site-packages\sklearn\model_selection\_validation.py", line 895, in _fit_and_score
    estimator.fit(X_train, y_train, **fit_params)
  File "c:\school\AI\Deep Learning\Cloud_AI\CloudAI-Challenge\.venv\Lib\site-packages\pycaret\internal\pipeline.py", line 278, in fit
    fitted_estimator = self._memory_fit(
                       ^^^^^^^^^^^^^^^^^
  File "c:\school\AI\Deep Learning\Cloud_AI\CloudAI-Challenge\.venv\Lib\site-packages\joblib\memory.py", line 353, in __call__
    return self.func(*args, **kwargs)
           ^^^^^^^^^^^^^^^^^^^^^^^^^^
  File "c:\school\AI\Deep Learning\Cloud_AI\CloudAI-Challenge\.venv\Lib\site-packages\pycaret\internal\pipeline.py", line 69, in _fit_one
    transformer.fit(*args)
  File "c:\school\AI\Deep Learning\Cloud_AI\CloudAI-Challenge\.venv\Lib\site-packages\lightgbm\sklearn.py", line 1704, in fit
    super().fit(
  File "c:\school\AI\Deep Learning\Cloud_AI\CloudAI-Challenge\.venv\Lib\site-packages\lightgbm\sklearn.py", line 1171, in fit
    self._Booster = train(
                    ^^^^^^
  File "c:\school\AI\Deep Learning\Cloud_AI\CloudAI-Challenge\.venv\Lib\site-packages\lightgbm\engine.py", line 296, in train
    booster = Booster(params=params, train_set=train_set)
              ^^^^^^^^^^^^^^^^^^^^^^^^^^^^^^^^^^^^^^^^^^^
  File "c:\school\AI\Deep Learning\Cloud_AI\CloudAI-Challenge\.venv\Lib\site-packages\lightgbm\basic.py", line 3758, in __init__
    train_set.construct()
  File "c:\school\AI\Deep Learning\Cloud_AI\CloudAI-Challenge\.venv\Lib\site-packages\lightgbm\basic.py", line 2574, in construct
    self._lazy_init(
  File "c:\school\AI\Deep Learning\Cloud_AI\CloudAI-Challenge\.venv\Lib\site-packages\lightgbm\basic.py", line 2189, in _lazy_init
    self.set_label(label)
  File "c:\school\AI\Deep Learning\Cloud_AI\CloudAI-Challenge\.venv\Lib\site-packages\lightgbm\basic.py", line 3097, in set_label
    self.set_field("label", label_array)
  File "c:\school\AI\Deep Learning\Cloud_AI\CloudAI-Challenge\.venv\Lib\site-packages\lightgbm\basic.py", line 2860, in set_field
    _LIB.LGBM_DatasetSetField(
OSError: exception: access violation reading 0x0000000000000000


During handling of the above exception, another exception occurred:

Traceback (most recent call last):
  File "c:\school\AI\Deep Learning\Cloud_AI\CloudAI-Challenge\.venv\Lib\site-packages\pycaret\internal\pycaret_experiment\supervised_experiment.py", line 815, in compare_models
    model, model_fit_time = self._create_model(**create_model_args)
                            ^^^^^^^^^^^^^^^^^^^^^^^^^^^^^^^^^^^^^^^
  File "c:\school\AI\Deep Learning\Cloud_AI\CloudAI-Challenge\.venv\Lib\site-packages\pycaret\internal\pycaret_experiment\supervised_experiment.py", line 1533, in _create_model
    model, model_fit_time, model_results, _ = self._create_model_with_cv(
                                              ^^^^^^^^^^^^^^^^^^^^^^^^^^^
  File "c:\school\AI\Deep Learning\Cloud_AI\CloudAI-Challenge\.venv\Lib\site-packages\pycaret\internal\pycaret_experiment\supervised_experiment.py", line 1126, in _create_model_with_cv
    scores = cross_validate(
             ^^^^^^^^^^^^^^^
  File "c:\school\AI\Deep Learning\Cloud_AI\CloudAI-Challenge\.venv\Lib\site-packages\sklearn\utils\_param_validation.py", line 213, in wrapper
    return func(*args, **kwargs)
           ^^^^^^^^^^^^^^^^^^^^^
  File "c:\school\AI\Deep Learning\Cloud_AI\CloudAI-Challenge\.venv\Lib\site-packages\sklearn\model_selection\_validation.py", line 450, in cross_validate
    _warn_or_raise_about_fit_failures(results, error_score)
  File "c:\school\AI\Deep Learning\Cloud_AI\CloudAI-Challenge\.venv\Lib\site-packages\sklearn\model_selection\_validation.py", line 536, in _warn_or_raise_about_fit_failures
    raise ValueError(all_fits_failed_message)
ValueError: 
All the 10 fits failed.
It is very likely that your model is misconfigured.
You can try to debug the error by setting error_score='raise'.

Below are more details about the failures:
--------------------------------------------------------------------------------
10 fits failed with the following error:
Traceback (most recent call last):
  File "c:\school\AI\Deep Learning\Cloud_AI\CloudAI-Challenge\.venv\Lib\site-packages\sklearn\model_selection\_validation.py", line 895, in _fit_and_score
    estimator.fit(X_train, y_train, **fit_params)
  File "c:\school\AI\Deep Learning\Cloud_AI\CloudAI-Challenge\.venv\Lib\site-packages\pycaret\internal\pipeline.py", line 278, in fit
    fitted_estimator = self._memory_fit(
                       ^^^^^^^^^^^^^^^^^
  File "c:\school\AI\Deep Learning\Cloud_AI\CloudAI-Challenge\.venv\Lib\site-packages\joblib\memory.py", line 353, in __call__
    return self.func(*args, **kwargs)
           ^^^^^^^^^^^^^^^^^^^^^^^^^^
  File "c:\school\AI\Deep Learning\Cloud_AI\CloudAI-Challenge\.venv\Lib\site-packages\pycaret\internal\pipeline.py", line 69, in _fit_one
    transformer.fit(*args)
  File "c:\school\AI\Deep Learning\Cloud_AI\CloudAI-Challenge\.venv\Lib\site-packages\lightgbm\sklearn.py", line 1704, in fit
    super().fit(
  File "c:\school\AI\Deep Learning\Cloud_AI\CloudAI-Challenge\.venv\Lib\site-packages\lightgbm\sklearn.py", line 1171, in fit
    self._Booster = train(
                    ^^^^^^
  File "c:\school\AI\Deep Learning\Cloud_AI\CloudAI-Challenge\.venv\Lib\site-packages\lightgbm\engine.py", line 296, in train
    booster = Booster(params=params, train_set=train_set)
              ^^^^^^^^^^^^^^^^^^^^^^^^^^^^^^^^^^^^^^^^^^^
  File "c:\school\AI\Deep Learning\Cloud_AI\CloudAI-Challenge\.venv\Lib\site-packages\lightgbm\basic.py", line 3758, in __init__
    train_set.construct()
  File "c:\school\AI\Deep Learning\Cloud_AI\CloudAI-Challenge\.venv\Lib\site-packages\lightgbm\basic.py", line 2574, in construct
    self._lazy_init(
  File "c:\school\AI\Deep Learning\Cloud_AI\CloudAI-Challenge\.venv\Lib\site-packages\lightgbm\basic.py", line 2189, in _lazy_init
    self.set_label(label)
  File "c:\school\AI\Deep Learning\Cloud_AI\CloudAI-Challenge\.venv\Lib\site-packages\lightgbm\basic.py", line 3097, in set_label
    self.set_field("label", label_array)
  File "c:\school\AI\Deep Learning\Cloud_AI\CloudAI-Challenge\.venv\Lib\site-packages\lightgbm\basic.py", line 2860, in set_field
    _LIB.LGBM_DatasetSetField(
OSError: exception: access violation reading 0x0000000000000000


2026-10-02 11:01:34,533:INFO:Initializing Dummy Classifier
2026-10-02 11:01:34,533:INFO:Total runtime is 0.30556427240371703 minutes
2026-10-02 11:01:34,537:INFO:SubProcess create_model() called ==================================
2026-10-02 11:01:34,538:INFO:Initializing create_model()
2026-10-02 11:01:34,538:INFO:create_model(self=<pycaret.classification.oop.ClassificationExperiment object at 0x000001C15CDBFCD0>, estimator=dummy, fold=StratifiedKFold(n_splits=10, random_state=None, shuffle=False), round=4, cross_validation=True, predict=True, fit_kwargs={}, groups=None, refit=False, probability_threshold=None, experiment_custom_tags=None, verbose=False, system=False, add_to_model_list=True, metrics=None, display=<pycaret.internal.display.display.CommonDisplay object at 0x000001C15CEA2FD0>, model_only=True, return_train_score=False, error_score=0.0, kwargs={})
2026-10-02 11:01:34,538:INFO:Checking exceptions
2026-10-02 11:01:34,538:INFO:Importing libraries
2026-10-02 11:01:34,538:INFO:Copying training dataset
2026-10-02 11:01:34,543:INFO:Defining folds
2026-10-02 11:01:34,543:INFO:Declaring metric variables
2026-10-02 11:01:34,547:INFO:Importing untrained model
2026-10-02 11:01:34,550:INFO:Dummy Classifier Imported successfully
2026-10-02 11:01:34,557:INFO:Starting cross validation
2026-10-02 11:01:34,561:INFO:Cross validating with StratifiedKFold(n_splits=10, random_state=None, shuffle=False), n_jobs=-1
2026-10-02 11:01:34,817:WARNING:c:\school\AI\Deep Learning\Cloud_AI\CloudAI-Challenge\.venv\Lib\site-packages\sklearn\metrics\_classification.py:1561: UserWarning: Note that pos_label (set to 'p') is ignored when average != 'binary' (got 'weighted'). You may use labels=[pos_label] to specify a single positive class.
  warnings.warn(

2026-10-02 11:01:34,822:WARNING:c:\school\AI\Deep Learning\Cloud_AI\CloudAI-Challenge\.venv\Lib\site-packages\sklearn\metrics\_classification.py:1561: UserWarning: Note that pos_label (set to 'p') is ignored when average != 'binary' (got 'weighted'). You may use labels=[pos_label] to specify a single positive class.
  warnings.warn(

2026-10-02 11:01:34,823:WARNING:c:\school\AI\Deep Learning\Cloud_AI\CloudAI-Challenge\.venv\Lib\site-packages\sklearn\metrics\_classification.py:1561: UserWarning: Note that pos_label (set to 'p') is ignored when average != 'binary' (got 'weighted'). You may use labels=[pos_label] to specify a single positive class.
  warnings.warn(

2026-10-02 11:01:34,824:WARNING:c:\school\AI\Deep Learning\Cloud_AI\CloudAI-Challenge\.venv\Lib\site-packages\sklearn\metrics\_classification.py:1561: UserWarning: Note that pos_label (set to 'p') is ignored when average != 'binary' (got 'weighted'). You may use labels=[pos_label] to specify a single positive class.
  warnings.warn(

2026-10-02 11:01:34,824:WARNING:c:\school\AI\Deep Learning\Cloud_AI\CloudAI-Challenge\.venv\Lib\site-packages\sklearn\metrics\_classification.py:1509: UndefinedMetricWarning: Precision is ill-defined and being set to 0.0 in labels with no predicted samples. Use `zero_division` parameter to control this behavior.
  _warn_prf(average, modifier, f"{metric.capitalize()} is", len(result))

2026-10-02 11:01:34,824:WARNING:c:\school\AI\Deep Learning\Cloud_AI\CloudAI-Challenge\.venv\Lib\site-packages\sklearn\metrics\_classification.py:1561: UserWarning: Note that pos_label (set to 'p') is ignored when average != 'binary' (got 'weighted'). You may use labels=[pos_label] to specify a single positive class.
  warnings.warn(

2026-10-02 11:01:34,826:WARNING:c:\school\AI\Deep Learning\Cloud_AI\CloudAI-Challenge\.venv\Lib\site-packages\sklearn\metrics\_classification.py:1561: UserWarning: Note that pos_label (set to 'p') is ignored when average != 'binary' (got 'weighted'). You may use labels=[pos_label] to specify a single positive class.
  warnings.warn(

2026-10-02 11:01:34,828:WARNING:c:\school\AI\Deep Learning\Cloud_AI\CloudAI-Challenge\.venv\Lib\site-packages\sklearn\metrics\_classification.py:1561: UserWarning: Note that pos_label (set to 'p') is ignored when average != 'binary' (got 'weighted'). You may use labels=[pos_label] to specify a single positive class.
  warnings.warn(

2026-10-02 11:01:34,829:WARNING:c:\school\AI\Deep Learning\Cloud_AI\CloudAI-Challenge\.venv\Lib\site-packages\sklearn\metrics\_classification.py:1561: UserWarning: Note that pos_label (set to 'p') is ignored when average != 'binary' (got 'weighted'). You may use labels=[pos_label] to specify a single positive class.
  warnings.warn(

2026-10-02 11:01:34,829:WARNING:c:\school\AI\Deep Learning\Cloud_AI\CloudAI-Challenge\.venv\Lib\site-packages\sklearn\metrics\_classification.py:1561: UserWarning: Note that pos_label (set to 'p') is ignored when average != 'binary' (got 'weighted'). You may use labels=[pos_label] to specify a single positive class.
  warnings.warn(

2026-10-02 11:01:34,829:WARNING:c:\school\AI\Deep Learning\Cloud_AI\CloudAI-Challenge\.venv\Lib\site-packages\sklearn\metrics\_classification.py:1509: UndefinedMetricWarning: Precision is ill-defined and being set to 0.0 in labels with no predicted samples. Use `zero_division` parameter to control this behavior.
  _warn_prf(average, modifier, f"{metric.capitalize()} is", len(result))

2026-10-02 11:01:34,831:WARNING:c:\school\AI\Deep Learning\Cloud_AI\CloudAI-Challenge\.venv\Lib\site-packages\sklearn\metrics\_classification.py:1509: UndefinedMetricWarning: Precision is ill-defined and being set to 0.0 in labels with no predicted samples. Use `zero_division` parameter to control this behavior.
  _warn_prf(average, modifier, f"{metric.capitalize()} is", len(result))

2026-10-02 11:01:34,831:WARNING:c:\school\AI\Deep Learning\Cloud_AI\CloudAI-Challenge\.venv\Lib\site-packages\sklearn\metrics\_classification.py:1561: UserWarning: Note that pos_label (set to 'p') is ignored when average != 'binary' (got 'weighted'). You may use labels=[pos_label] to specify a single positive class.
  warnings.warn(

2026-10-02 11:01:34,832:WARNING:c:\school\AI\Deep Learning\Cloud_AI\CloudAI-Challenge\.venv\Lib\site-packages\sklearn\metrics\_classification.py:1509: UndefinedMetricWarning: Precision is ill-defined and being set to 0.0 in labels with no predicted samples. Use `zero_division` parameter to control this behavior.
  _warn_prf(average, modifier, f"{metric.capitalize()} is", len(result))

2026-10-02 11:01:34,834:WARNING:c:\school\AI\Deep Learning\Cloud_AI\CloudAI-Challenge\.venv\Lib\site-packages\sklearn\metrics\_classification.py:1561: UserWarning: Note that pos_label (set to 'p') is ignored when average != 'binary' (got 'weighted'). You may use labels=[pos_label] to specify a single positive class.
  warnings.warn(

2026-10-02 11:01:34,835:WARNING:c:\school\AI\Deep Learning\Cloud_AI\CloudAI-Challenge\.venv\Lib\site-packages\sklearn\metrics\_classification.py:1561: UserWarning: Note that pos_label (set to 'p') is ignored when average != 'binary' (got 'weighted'). You may use labels=[pos_label] to specify a single positive class.
  warnings.warn(

2026-10-02 11:01:34,835:WARNING:c:\school\AI\Deep Learning\Cloud_AI\CloudAI-Challenge\.venv\Lib\site-packages\sklearn\metrics\_classification.py:1561: UserWarning: Note that pos_label (set to 'p') is ignored when average != 'binary' (got 'weighted'). You may use labels=[pos_label] to specify a single positive class.
  warnings.warn(

2026-10-02 11:01:34,839:WARNING:c:\school\AI\Deep Learning\Cloud_AI\CloudAI-Challenge\.venv\Lib\site-packages\sklearn\metrics\_classification.py:1561: UserWarning: Note that pos_label (set to 'p') is ignored when average != 'binary' (got 'weighted'). You may use labels=[pos_label] to specify a single positive class.
  warnings.warn(

2026-10-02 11:01:34,841:WARNING:c:\school\AI\Deep Learning\Cloud_AI\CloudAI-Challenge\.venv\Lib\site-packages\sklearn\metrics\_classification.py:1561: UserWarning: Note that pos_label (set to 'p') is ignored when average != 'binary' (got 'weighted'). You may use labels=[pos_label] to specify a single positive class.
  warnings.warn(

2026-10-02 11:01:34,841:WARNING:c:\school\AI\Deep Learning\Cloud_AI\CloudAI-Challenge\.venv\Lib\site-packages\sklearn\metrics\_classification.py:1561: UserWarning: Note that pos_label (set to 'p') is ignored when average != 'binary' (got 'weighted'). You may use labels=[pos_label] to specify a single positive class.
  warnings.warn(

2026-10-02 11:01:34,843:WARNING:c:\school\AI\Deep Learning\Cloud_AI\CloudAI-Challenge\.venv\Lib\site-packages\sklearn\metrics\_classification.py:1509: UndefinedMetricWarning: Precision is ill-defined and being set to 0.0 in labels with no predicted samples. Use `zero_division` parameter to control this behavior.
  _warn_prf(average, modifier, f"{metric.capitalize()} is", len(result))

2026-10-02 11:01:34,844:WARNING:c:\school\AI\Deep Learning\Cloud_AI\CloudAI-Challenge\.venv\Lib\site-packages\sklearn\metrics\_classification.py:1561: UserWarning: Note that pos_label (set to 'p') is ignored when average != 'binary' (got 'weighted'). You may use labels=[pos_label] to specify a single positive class.
  warnings.warn(

2026-10-02 11:01:34,846:WARNING:c:\school\AI\Deep Learning\Cloud_AI\CloudAI-Challenge\.venv\Lib\site-packages\sklearn\metrics\_classification.py:1561: UserWarning: Note that pos_label (set to 'p') is ignored when average != 'binary' (got 'weighted'). You may use labels=[pos_label] to specify a single positive class.
  warnings.warn(

2026-10-02 11:01:34,846:WARNING:c:\school\AI\Deep Learning\Cloud_AI\CloudAI-Challenge\.venv\Lib\site-packages\sklearn\metrics\_classification.py:1561: UserWarning: Note that pos_label (set to 'p') is ignored when average != 'binary' (got 'weighted'). You may use labels=[pos_label] to specify a single positive class.
  warnings.warn(

2026-10-02 11:01:34,848:WARNING:c:\school\AI\Deep Learning\Cloud_AI\CloudAI-Challenge\.venv\Lib\site-packages\sklearn\metrics\_classification.py:1509: UndefinedMetricWarning: Precision is ill-defined and being set to 0.0 in labels with no predicted samples. Use `zero_division` parameter to control this behavior.
  _warn_prf(average, modifier, f"{metric.capitalize()} is", len(result))

2026-10-02 11:01:34,849:WARNING:c:\school\AI\Deep Learning\Cloud_AI\CloudAI-Challenge\.venv\Lib\site-packages\sklearn\metrics\_classification.py:1509: UndefinedMetricWarning: Precision is ill-defined and being set to 0.0 in labels with no predicted samples. Use `zero_division` parameter to control this behavior.
  _warn_prf(average, modifier, f"{metric.capitalize()} is", len(result))

2026-10-02 11:01:34,849:WARNING:c:\school\AI\Deep Learning\Cloud_AI\CloudAI-Challenge\.venv\Lib\site-packages\sklearn\metrics\_classification.py:1561: UserWarning: Note that pos_label (set to 'p') is ignored when average != 'binary' (got 'weighted'). You may use labels=[pos_label] to specify a single positive class.
  warnings.warn(

2026-10-02 11:01:34,850:WARNING:c:\school\AI\Deep Learning\Cloud_AI\CloudAI-Challenge\.venv\Lib\site-packages\sklearn\metrics\_classification.py:1561: UserWarning: Note that pos_label (set to 'p') is ignored when average != 'binary' (got 'weighted'). You may use labels=[pos_label] to specify a single positive class.
  warnings.warn(

2026-10-02 11:01:34,850:WARNING:c:\school\AI\Deep Learning\Cloud_AI\CloudAI-Challenge\.venv\Lib\site-packages\sklearn\metrics\_classification.py:1509: UndefinedMetricWarning: Precision is ill-defined and being set to 0.0 in labels with no predicted samples. Use `zero_division` parameter to control this behavior.
  _warn_prf(average, modifier, f"{metric.capitalize()} is", len(result))

2026-10-02 11:01:34,851:WARNING:c:\school\AI\Deep Learning\Cloud_AI\CloudAI-Challenge\.venv\Lib\site-packages\sklearn\metrics\_classification.py:1561: UserWarning: Note that pos_label (set to 'p') is ignored when average != 'binary' (got 'weighted'). You may use labels=[pos_label] to specify a single positive class.
  warnings.warn(

2026-10-02 11:01:34,852:WARNING:c:\school\AI\Deep Learning\Cloud_AI\CloudAI-Challenge\.venv\Lib\site-packages\sklearn\metrics\_classification.py:1561: UserWarning: Note that pos_label (set to 'p') is ignored when average != 'binary' (got 'weighted'). You may use labels=[pos_label] to specify a single positive class.
  warnings.warn(

2026-10-02 11:01:34,858:WARNING:c:\school\AI\Deep Learning\Cloud_AI\CloudAI-Challenge\.venv\Lib\site-packages\sklearn\metrics\_classification.py:1561: UserWarning: Note that pos_label (set to 'p') is ignored when average != 'binary' (got 'weighted'). You may use labels=[pos_label] to specify a single positive class.
  warnings.warn(

2026-10-02 11:01:34,860:WARNING:c:\school\AI\Deep Learning\Cloud_AI\CloudAI-Challenge\.venv\Lib\site-packages\sklearn\metrics\_classification.py:1561: UserWarning: Note that pos_label (set to 'p') is ignored when average != 'binary' (got 'weighted'). You may use labels=[pos_label] to specify a single positive class.
  warnings.warn(

2026-10-02 11:01:34,862:WARNING:c:\school\AI\Deep Learning\Cloud_AI\CloudAI-Challenge\.venv\Lib\site-packages\sklearn\metrics\_classification.py:1561: UserWarning: Note that pos_label (set to 'p') is ignored when average != 'binary' (got 'weighted'). You may use labels=[pos_label] to specify a single positive class.
  warnings.warn(

2026-10-02 11:01:34,864:WARNING:c:\school\AI\Deep Learning\Cloud_AI\CloudAI-Challenge\.venv\Lib\site-packages\sklearn\metrics\_classification.py:1561: UserWarning: Note that pos_label (set to 'p') is ignored when average != 'binary' (got 'weighted'). You may use labels=[pos_label] to specify a single positive class.
  warnings.warn(

2026-10-02 11:01:34,864:WARNING:c:\school\AI\Deep Learning\Cloud_AI\CloudAI-Challenge\.venv\Lib\site-packages\sklearn\metrics\_classification.py:1509: UndefinedMetricWarning: Precision is ill-defined and being set to 0.0 in labels with no predicted samples. Use `zero_division` parameter to control this behavior.
  _warn_prf(average, modifier, f"{metric.capitalize()} is", len(result))

2026-10-02 11:01:34,865:WARNING:c:\school\AI\Deep Learning\Cloud_AI\CloudAI-Challenge\.venv\Lib\site-packages\sklearn\metrics\_classification.py:1509: UndefinedMetricWarning: Precision is ill-defined and being set to 0.0 in labels with no predicted samples. Use `zero_division` parameter to control this behavior.
  _warn_prf(average, modifier, f"{metric.capitalize()} is", len(result))

2026-10-02 11:01:34,866:WARNING:c:\school\AI\Deep Learning\Cloud_AI\CloudAI-Challenge\.venv\Lib\site-packages\sklearn\metrics\_classification.py:1561: UserWarning: Note that pos_label (set to 'p') is ignored when average != 'binary' (got 'weighted'). You may use labels=[pos_label] to specify a single positive class.
  warnings.warn(

2026-10-02 11:01:34,867:WARNING:c:\school\AI\Deep Learning\Cloud_AI\CloudAI-Challenge\.venv\Lib\site-packages\sklearn\metrics\_classification.py:1561: UserWarning: Note that pos_label (set to 'p') is ignored when average != 'binary' (got 'weighted'). You may use labels=[pos_label] to specify a single positive class.
  warnings.warn(

2026-10-02 11:01:34,872:INFO:Calculating mean and std
2026-10-02 11:01:34,873:INFO:Creating metrics dataframe
2026-10-02 11:01:34,875:INFO:Uploading results into container
2026-10-02 11:01:34,876:INFO:Uploading model into container now
2026-10-02 11:01:34,876:INFO:_master_model_container: 13
2026-10-02 11:01:34,876:INFO:_display_container: 2
2026-10-02 11:01:34,876:INFO:DummyClassifier(constant=None, random_state=42, strategy='prior')
2026-10-02 11:01:34,877:INFO:create_model() successfully completed......................................
2026-10-02 11:01:34,968:INFO:SubProcess create_model() end ==================================
2026-10-02 11:01:34,969:INFO:Creating metrics dataframe
2026-10-02 11:01:34,978:WARNING:c:\school\AI\Deep Learning\Cloud_AI\CloudAI-Challenge\.venv\Lib\site-packages\pycaret\internal\pycaret_experiment\supervised_experiment.py:339: FutureWarning: Styler.applymap has been deprecated. Use Styler.map instead.
  .applymap(highlight_cols, subset=["TT (Sec)"])

2026-10-02 11:01:34,988:INFO:Initializing create_model()
2026-10-02 11:01:34,988:INFO:create_model(self=<pycaret.classification.oop.ClassificationExperiment object at 0x000001C15CDBFCD0>, estimator=RandomForestClassifier(bootstrap=True, ccp_alpha=0.0, class_weight=None,
                       criterion='gini', max_depth=None, max_features='sqrt',
                       max_leaf_nodes=None, max_samples=None,
                       min_impurity_decrease=0.0, min_samples_leaf=1,
                       min_samples_split=2, min_weight_fraction_leaf=0.0,
                       monotonic_cst=None, n_estimators=100, n_jobs=-1,
                       oob_score=False, random_state=42, verbose=0,
                       warm_start=False), fold=StratifiedKFold(n_splits=10, random_state=None, shuffle=False), round=4, cross_validation=False, predict=False, fit_kwargs={}, groups=None, refit=True, probability_threshold=None, experiment_custom_tags=None, verbose=False, system=False, add_to_model_list=True, metrics=None, display=None, model_only=True, return_train_score=False, error_score=0.0, kwargs={})
2026-10-02 11:01:34,988:INFO:Checking exceptions
2026-10-02 11:01:34,990:INFO:Importing libraries
2026-10-02 11:01:34,990:INFO:Copying training dataset
2026-10-02 11:01:34,993:INFO:Defining folds
2026-10-02 11:01:34,993:INFO:Declaring metric variables
2026-10-02 11:01:34,994:INFO:Importing untrained model
2026-10-02 11:01:34,994:INFO:Declaring custom model
2026-10-02 11:01:34,994:INFO:Random Forest Classifier Imported successfully
2026-10-02 11:01:34,997:INFO:Cross validation set to False
2026-10-02 11:01:34,997:INFO:Fitting Model
2026-10-02 11:01:35,375:INFO:RandomForestClassifier(bootstrap=True, ccp_alpha=0.0, class_weight=None,
                       criterion='gini', max_depth=None, max_features='sqrt',
                       max_leaf_nodes=None, max_samples=None,
                       min_impurity_decrease=0.0, min_samples_leaf=1,
                       min_samples_split=2, min_weight_fraction_leaf=0.0,
                       monotonic_cst=None, n_estimators=100, n_jobs=-1,
                       oob_score=False, random_state=42, verbose=0,
                       warm_start=False)
2026-10-02 11:01:35,375:INFO:create_model() successfully completed......................................
2026-10-02 11:01:35,498:INFO:_master_model_container: 13
2026-10-02 11:01:35,499:INFO:_display_container: 2
2026-10-02 11:01:35,500:INFO:RandomForestClassifier(bootstrap=True, ccp_alpha=0.0, class_weight=None,
                       criterion='gini', max_depth=None, max_features='sqrt',
                       max_leaf_nodes=None, max_samples=None,
                       min_impurity_decrease=0.0, min_samples_leaf=1,
                       min_samples_split=2, min_weight_fraction_leaf=0.0,
                       monotonic_cst=None, n_estimators=100, n_jobs=-1,
                       oob_score=False, random_state=42, verbose=0,
                       warm_start=False)
2026-10-02 11:01:35,500:INFO:compare_models() successfully completed......................................
